,Unnamed: 0,날짜,기사제목
0,0, 2022.02.07 09:18,"""카카오게임즈, '보라 코인-오딘' P2E 연계 주목해야"" - ktb"
1,1, 2022.02.04 11:37,"카카오게임즈, 구글 1위 + NFT게임 기대감 '쌍끌이'에 11% 상승"
2,2, 2022.02.04 10:22,"[특징주]'오딘' 구글플레이 매출 1위 복귀 소식에, 카카오게임즈 1..."
3,3, 2022.02.04 10:12,"[특징주]카카오게임즈, 오딘 1위 탈환에 11% 급등"
4,4, 2022.02.04 10:09,"카카오게임즈, '오딘' 구글 매출 1위 탈환에 주가 10%대↑"
5,5, 2022.02.04 09:48,"[특징주] 카카오게임즈, 구글 매출 1위 탈환·NFT 게임 등 겹호재..."
6,6, 2022.02.04 09:45,"[특징주] 카카오게임즈, 오딘 구글 매출 '1위' 탈환에 강세"
7,7, 2022.02.03 17:09,종합 엔터사로 진화하는 카카오게임즈...향후 리스크는?
8,8, 2022.02.02 11:07,코스닥 주간 기관 순매수 1위 '카카오게임즈'
9,9, 2022.01.27 10:22,"남궁훈 전 대표의 카카오 단독 대표 내정, 카카오게임즈에 어떤 영향이?"
10,10, 2022.01.26 17:49,"카카오게임즈, '스타크래프트' 개발진이 차린 회사에 240억 원 투자"
11,11, 2022.01.26 09:53,"[특징주]카카오게임즈, 美게임개발사 240억 투자에 상승"
12,12, 2022.01.26 09:13,"카카오게임즈, 美 게임 개발사에 2천만 달러 규모 투자 "
13,13, 2022.01.26 09:04,"카카오게임즈, 스타크래프트·워크래프트 개발자들이 차린 개발사에 240..."
14,14, 2022.01.26 11:01,"카카오게임즈, 美 RTS 개발사 프로스트자이언트에 240억 투자"
15,15, 2022.01.26 10:22,"카카오게임즈, 美개발사 240억 투자…""제2 스타크래프트 기대"""
16,16, 2022.01.26 07:52,카카오게임즈 실탄 글로벌로…美신생개발사에 240억 투자
17,17, 2022.01.21 11:06,"류영준 '먹튀'와 선긋기?…남궁훈 ""카카오게임즈 주식 안 판다"""
18,18, 2022.01.18 14:22,"크래프톤-카카오게임즈 ‘2K’, 4Q 실적 날개"
19,0, 2021.11.04 09:40,"카카오게임즈, 장 초반 8%↑…3Q 호실적에 메타버스 기대감"
20,1, 2021.11.04 09:22,"[특징주]카카오게임즈, 3Q 호실적에 NFT·가상자산 등 신사업 기대..."
21,2, 2021.11.04 08:42,"카카오게임즈, '오딘' 성장에 메타버스·NFT 확대까지-NH"
22,3, 2021.11.04 07:57,"카카오게임즈, '오딘' 매출성장 견조…내년 큰폭 성장 -NH"
23,4, 2021.11.04 09:39,[특징주] 엔씨소프트 '급락' 카카오게임즈 '상승'
24,5, 2021.11.04 09:37,리니지W보다 오딘?···카카오게임즈 7% 급등 [특징주]
25,6, 2021.11.04 09:34,"""호실적에 신사업까지""…카카오게임즈, 이틀째 강세"
26,7, 2021.11.04 09:24,"카카오게임즈, 3분기 실적 훈풍 속 이틀 연속 강세"
27,8, 2021.11.03 17:51,카카오게임즈·위메이드 3분기 실적 '고공행진'
28,9, 2021.11.03 09:20,"카카오게임즈, 3분기 매출액 전년比  210%↑...분기 최고 매출"
29,10, 2021.11.03 17:05,[증시이슈] 카카오게임즈 분기 최대 매출… 주가는 3%대 상승
30,11, 2021.11.03 11:01,"카카오게임즈, '오딘' 대박에 3Q 날았다…'내년엔 해외'"
31,12, 2021.11.03 10:02,"카카오게임즈, 잘나가는 ‘오딘’ 앞세워 3Q 최대 실적"
32,13, 2021.11.03 09:58,"'오딘' 대박 카카오게임즈, 분기 최고 실적 달성"
33,14, 2021.11.03 09:16,"카카오게임즈, ‘오딘 대박’ 3분기 매출 4662억원…분기 최대"
34,15, 2021.11.03 09:15,"카카오게임즈, ‘오딘’ 흥행 타고 영업익 427억 전년 동기 대비 1..."
35,16, 2021.11.03 16:26,카카오게임즈도 ‘돈버는 게임’ 시장 뛰어든다…NFT 거래소 개발 ‘착수...
36,17, 2021.11.03 14:48,"“골프예약권, NFT로 사고판다”..카카오게임즈"
37,18, 2021.11.03 11:57,"카카오게임즈 대표, 역대 최고실적에도 '글로벌' 15번 외쳤다"
38,19, 2021.11.03 14:47,‘오딘’ 호실적 기록한 카카오게임즈…이제는 메타버스·NFT에 도전
39,20, 2021.11.03 10:12,"[특징주] ‘오딘’ 인기에 사상 최고 실적 낸 카카오게임즈, 3% 넘..."
40,21, 2021.11.03 09:40,[종합] ‘오딘 흥행’ 카카오게임즈 3Q 영업익 427억
41,22, 2021.11.03 09:17,"카카오게임즈, 3Q 영업익 427억원…""'오딘'으로 역대 최대"""
42,23, 2021.11.03 09:02,‘1등 게임’ 효과 이 정도? 카카오게임즈 3분기 영업익 ‘2배’ 껑...
43,24, 2021.11.03 11:29,[주식초고수는 지금]게임 흥행에 힘입은 실적 상승...위메이드·카카오게...
44,0, 2021.11.18 17:13,[마감시황] 카카오뱅크·카카오페이·카카오게임즈 상승마감
45,1, 2021.11.18 17:05,"메리츠證, 카카오게임즈 목표주가 대폭 상향...""오딘 개발사 지분취득에..."
46,2, 2021.11.18 11:46,[지스타 2021] ‘우마무스메 프리티 더비’ 등 이목..카카오게임즈
47,3, 2021.11.17 18:01,카카오게임즈·크래프톤·텐센트… 세계인의 게임축제로
48,4, 2021.11.17 16:29,"[지스타 2021]카카오게임즈, '우마무스메 프리티 더비' 오프닝 영상..."
49,5, 2021.11.17 15:41,"카카오게임즈, '우마무스메 프리티 더비' 오프닝 영상 지스타서 공개"
50,6, 2021.11.17 16:17,"녹색 추리닝 입은 박형준 시장, 카카오게임즈 부스부터 찾았다 [현장+]"
51,7, 2021.11.17 11:40,"카카오게임즈, ‘NFT·오딘’ 힘입어 이틀째 신고가"
52,8, 2021.11.17 11:05,위메이드 이어 카카오게임즈까지...코인판 흔드는 게임사
53,9, 2021.11.17 09:39,‘위메이드 이어 카카오게임즈까지’…게임과 코인이 만나면 [인더머니]
54,10, 2021.11.17 10:27,"[특징주]카카오게임즈, 장초반 3%대 강세...이틀째 신고가"
55,11, 2021.11.17 09:54,"NFT 올라탄 '카카오게임즈', 이틀째 신고가 경신…주가 더 오르나"
56,12, 2021.11.17 09:43,"[특징주]카카오게임즈, 이틀째 신고가 터치"
57,13, 2021.11.17 09:32,[특징주] 게임주 또 달린다···카카오게임즈 최고가 경신
58,0, 2021.11.17 09:54,"NFT 올라탄 '카카오게임즈', 이틀째 신고가 경신…주가 더 오르나"
59,1, 2021.11.17 09:43,"[특징주]카카오게임즈, 이틀째 신고가 터치"
60,2, 2021.11.17 09:39,‘위메이드 이어 카카오게임즈까지’…게임과 코인이 만나면 [인더머니]
61,3, 2021.11.17 09:32,[특징주] 게임주 또 달린다···카카오게임즈 최고가 경신
62,4, 2021.11.17 09:18,"카카오게임즈, 5거래일째 달린다…장중 신고가 경신"
63,5, 2021.11.17 09:09,[특징주]NFT 바람 타고 카카오게임즈도 ‘신고가’
64,6, 2021.11.16 18:22,"카카오게임즈의 약진이 거세다… ‘오딘’으로 1위 찍고, 글로벌과 신사업..."
65,7, 2021.11.16 16:55,"[증시이슈] 카카오게임즈, ‘지스타’ 앞두고 주가 11% 급등"
66,8, 2021.11.16 11:24,[주식초고수는 지금]게임주에 쏠리는 눈...카카오게임즈·펄어비스 매매 ...
67,9, 2021.11.14 08:49,코스닥 주간 개인 순매도 1위 ‘카카오게임즈'
68,10, 2021.11.14 08:48,코스닥 주간 외국인 순매수 1위 ‘카카오게임즈’
69,11, 2021.11.12 16:14,[증시이슈] MSCI 지수 편입된 크래프톤·카카오게임즈 주가 ↑
70,12, 2021.11.12 10:00,MSCI지수에 크래프톤·엘앤에프·카카오게임즈·F&F 편입
71,13, 2021.11.12 09:28,MSCI 지수에 크래프톤·카카오게임즈 등 편입…주가는 대부분 내림세
72,0, 2021.11.14 08:48,코스닥 주간 외국인 순매수 1위 ‘카카오게임즈’
73,1, 2021.11.12 16:14,[증시이슈] MSCI 지수 편입된 크래프톤·카카오게임즈 주가 ↑
74,2, 2021.11.12 10:00,MSCI지수에 크래프톤·엘앤에프·카카오게임즈·F&F 편입
75,3, 2021.11.12 09:28,MSCI 지수에 크래프톤·카카오게임즈 등 편입…주가는 대부분 내림세
76,4, 2021.11.12 15:06,"코스닥 5·6위 카카오게임즈·위메이드, 5% 넘게 상승"
77,5, 2021.11.12 14:21,[CEO UP l 조계현 카카오게임즈 대표] 역대 최고 분기 실적 달성...
78,6, 2021.11.11 09:26,"카카오게임즈 '오딘', 4개월 연속 1위…리니지M·2M 2·3위"
79,7, 2021.11.10 10:17,"카카오게임즈, 성남시 지역 아동 위한 사회공헌 캠페인 성료"
80,8, 2021.11.08 11:53,"카카오게임즈, 카카오프렌즈 IP로 재밌는 코딩 교육환경 조성"
81,9, 2021.11.07 09:59,코스닥 주간 기관 순매수 1위 ‘카카오게임즈’
82,10, 2021.11.07 09:58,코스닥 주간 개인 순매도 1위 ‘카카오게임즈’
83,11, 2021.11.05 11:23,[주식초고수는 지금] 게임 흥행 카카오게임즈에 올라탄 초고수···SK바...
84,0, 2021.11.07 09:58,코스닥 주간 개인 순매도 1위 ‘카카오게임즈’
85,1, 2021.11.05 11:23,[주식초고수는 지금] 게임 흥행 카카오게임즈에 올라탄 초고수···SK바...
86,2, 2021.11.05 09:46,"카카오게임즈, 12월 '아키에이지' 북미·유럽에 선보인다"
87,3, 2021.11.05 05:14,NFT·메타버스 타고 웃은 카카오게임즈…리니지W에 운 엔씨소프트
88,4, 2021.11.04 17:59,"""오딘 온다""…카카오게임즈, 지스타 출품 게임라인업 7종 공개"
89,5, 2021.11.04 14:26,"카카오게임즈, 지스타 얼굴로…100부스 출품작 7종 확정"
90,6, 2021.11.04 17:09,‘오딘’ 즐기며 돈도 번다고? 카카오게임즈 시즌2 주목
91,7, 2021.11.04 11:45,"'급등' 카카오게임즈, 코스닥 시총 3위로…호재 요인 3가지"
92,8, 2021.11.04 09:01,"카카오게임즈, 자회사 편입에 NFT·메타버스까지…목표가↑-이베스트"
93,9, 2021.11.04 10:43,"[이데일리N] 카카오게임즈 ""자회사 통해 NFT 거래소 개발 중“"
94,10, 2021.11.04 09:45,"[개장시황] 카카오게임즈, 3분기 호실적에 이틀째 상승세"
95,11, 2021.11.04 09:40,"카카오게임즈, 장 초반 8%↑…3Q 호실적에 메타버스 기대감"
96,12, 2021.11.04 09:22,"[특징주]카카오게임즈, 3Q 호실적에 NFT·가상자산 등 신사업 기대..."
97,13, 2021.11.04 08:42,"카카오게임즈, '오딘' 성장에 메타버스·NFT 확대까지-NH"
98,14, 2021.11.04 07:57,"카카오게임즈, '오딘' 매출성장 견조…내년 큰폭 성장 -NH"
99,0, 2021.11.04 09:40,"카카오게임즈, 장 초반 8%↑…3Q 호실적에 메타버스 기대감"
100,1, 2021.11.04 09:22,"[특징주]카카오게임즈, 3Q 호실적에 NFT·가상자산 등 신사업 기대..."
101,2, 2021.11.04 08:42,"카카오게임즈, '오딘' 성장에 메타버스·NFT 확대까지-NH"
102,3, 2021.11.04 07:57,"카카오게임즈, '오딘' 매출성장 견조…내년 큰폭 성장 -NH"
103,4, 2021.11.04 09:39,[특징주] 엔씨소프트 '급락' 카카오게임즈 '상승'
104,5, 2021.11.04 09:37,리니지W보다 오딘?···카카오게임즈 7% 급등 [특징주]
105,6, 2021.11.04 09:34,"""호실적에 신사업까지""…카카오게임즈, 이틀째 강세"
106,7, 2021.11.04 09:24,"카카오게임즈, 3분기 실적 훈풍 속 이틀 연속 강세"
107,8, 2021.11.04 09:01,"카카오게임즈, 자회사 편입에 NFT·메타버스까지…목표가↑-이베스트"
108,9, 2021.11.03 17:51,카카오게임즈·위메이드 3분기 실적 '고공행진'
109,10, 2021.11.03 09:20,"카카오게임즈, 3분기 매출액 전년比  210%↑...분기 최고 매출"
110,11, 2021.11.03 17:05,[증시이슈] 카카오게임즈 분기 최대 매출… 주가는 3%대 상승
111,12, 2021.11.03 11:01,"카카오게임즈, '오딘' 대박에 3Q 날았다…'내년엔 해외'"
112,13, 2021.11.03 10:02,"카카오게임즈, 잘나가는 ‘오딘’ 앞세워 3Q 최대 실적"
113,14, 2021.11.03 09:58,"'오딘' 대박 카카오게임즈, 분기 최고 실적 달성"
114,15, 2021.11.03 09:16,"카카오게임즈, ‘오딘 대박’ 3분기 매출 4662억원…분기 최대"
115,16, 2021.11.03 09:15,"카카오게임즈, ‘오딘’ 흥행 타고 영업익 427억 전년 동기 대비 1..."
116,17, 2021.11.03 16:26,카카오게임즈도 ‘돈버는 게임’ 시장 뛰어든다…NFT 거래소 개발 ‘착수...
117,18, 2021.11.03 14:48,"“골프예약권, NFT로 사고판다”..카카오게임즈"
118,19, 2021.11.03 11:57,"카카오게임즈 대표, 역대 최고실적에도 '글로벌' 15번 외쳤다"
119,20, 2021.11.03 14:47,‘오딘’ 호실적 기록한 카카오게임즈…이제는 메타버스·NFT에 도전
120,21, 2021.11.03 10:12,"[특징주] ‘오딘’ 인기에 사상 최고 실적 낸 카카오게임즈, 3% 넘..."
121,22, 2021.11.03 09:40,[종합] ‘오딘 흥행’ 카카오게임즈 3Q 영업익 427억
122,23, 2021.11.03 09:17,"카카오게임즈, 3Q 영업익 427억원…""'오딘'으로 역대 최대"""
123,24, 2021.11.03 09:02,‘1등 게임’ 효과 이 정도? 카카오게임즈 3분기 영업익 ‘2배’ 껑...
124,0, 2021.11.03 17:05,[증시이슈] 카카오게임즈 분기 최대 매출… 주가는 3%대 상승
125,1, 2021.11.03 11:01,"카카오게임즈, '오딘' 대박에 3Q 날았다…'내년엔 해외'"
126,2, 2021.11.03 10:02,"카카오게임즈, 잘나가는 ‘오딘’ 앞세워 3Q 최대 실적"
127,3, 2021.11.03 09:58,"'오딘' 대박 카카오게임즈, 분기 최고 실적 달성"
128,4, 2021.11.03 09:16,"카카오게임즈, ‘오딘 대박’ 3분기 매출 4662억원…분기 최대"
129,5, 2021.11.03 09:15,"카카오게임즈, ‘오딘’ 흥행 타고 영업익 427억 전년 동기 대비 1..."
130,6, 2021.11.03 16:26,카카오게임즈도 ‘돈버는 게임’ 시장 뛰어든다…NFT 거래소 개발 ‘착수...
131,7, 2021.11.03 14:48,"“골프예약권, NFT로 사고판다”..카카오게임즈"
132,8, 2021.11.03 11:57,"카카오게임즈 대표, 역대 최고실적에도 '글로벌' 15번 외쳤다"
133,9, 2021.11.03 14:47,‘오딘’ 호실적 기록한 카카오게임즈…이제는 메타버스·NFT에 도전
134,10, 2021.11.03 10:12,"[특징주] ‘오딘’ 인기에 사상 최고 실적 낸 카카오게임즈, 3% 넘..."
135,11, 2021.11.03 09:40,[종합] ‘오딘 흥행’ 카카오게임즈 3Q 영업익 427억
136,12, 2021.11.03 09:17,"카카오게임즈, 3Q 영업익 427억원…""'오딘'으로 역대 최대"""
137,13, 2021.11.03 09:02,‘1등 게임’ 효과 이 정도? 카카오게임즈 3분기 영업익 ‘2배’ 껑...
138,14, 2021.11.03 11:29,[주식초고수는 지금]게임 흥행에 힘입은 실적 상승...위메이드·카카오게...
139,15, 2021.11.03 11:19,"[특징주] 'MSCI 편입 예상' 카카오게임즈, 3Q 호실적에 주가↑"
140,16, 2021.11.03 10:56,"카카오게임즈, MSCI 편입예상 3Q 호실적에 주가 강세"
141,17, 2021.11.03 10:50,"카카오게임즈, 3분기 영업이익 427억원…전년比 101.31%↑"
142,18, 2021.11.03 09:45,"카카오게임즈, 3분기 영업이익 427.5억...전년동기比 101.31..."
143,19, 2021.11.03 10:12,"[특징주] 카카오게임즈, 실적 발표 이후 주가 강세"
144,20, 2021.11.03 09:35,"카카오게임즈, 3Q 영업익 427억원…전년 동기比 101%↑"
145,21, 2021.11.03 09:05,[상보] 카카오게임즈 3Q 영업익 427억.. 전년比 101%↑
146,22, 2021.11.03 09:20,"카카오게임즈, 3분기 매출액 전년比  210%↑...분기 최고 매출"
147,23, 2021.11.03 08:59,"[1보] 카카오게임즈 3Q 매출 4662억, 영업익 427억"
148,0, 2021.11.03 10:12,"[특징주] ‘오딘’ 인기에 사상 최고 실적 낸 카카오게임즈, 3% 넘게..."
149,1, 2021.11.03 09:40,[종합] ‘오딘 흥행’ 카카오게임즈 3Q 영업익 427억
150,2, 2021.11.03 09:17,"카카오게임즈, 3Q 영업익 427억원…""'오딘'으로 역대 최대"""
151,3, 2021.11.03 09:02,‘1등 게임’ 효과 이 정도? 카카오게임즈 3분기 영업익 ‘2배’ 껑...
152,4, 2021.11.03 10:12,"[특징주] 카카오게임즈, 실적 발표 이후 주가 강세"
153,5, 2021.11.03 10:02,"카카오게임즈, 잘나가는 ‘오딘’ 앞세워 3Q 최대 실적"
154,6, 2021.11.03 09:58,"'오딘' 대박 카카오게임즈, 분기 최고 실적 달성"
155,7, 2021.11.03 09:16,"카카오게임즈, ‘오딘 대박’ 3분기 매출 4662억원…분기 최대"
156,8, 2021.11.03 09:15,"카카오게임즈, ‘오딘’ 흥행 타고 영업익 427억 전년 동기 대비 1..."
157,9, 2021.11.03 09:45,"카카오게임즈, 3분기 영업이익 427.5억...전년동기比 101.31%..."
158,10, 2021.11.03 09:35,"카카오게임즈, 3Q 영업익 427억원…전년 동기比 101%↑"
159,11, 2021.11.03 09:05,[상보] 카카오게임즈 3Q 영업익 427억.. 전년比 101%↑
160,12, 2021.11.03 09:20,"카카오게임즈, 3분기 매출액 전년比  210%↑...분기 최고 매출"
161,13, 2021.11.03 08:59,"[1보] 카카오게임즈 3Q 매출 4662억, 영업익 427억"
162,14, 2021.11.03 08:56,"카카오게임즈, 3분기 영업익 427억…전년비 101.3% ↑"
163,15, 2021.11.02 10:15,"카카오게임즈, 신작 모바일 ‘에버소울’ 지스타에서 만난다"
164,16, 2021.11.01 18:03,라이온하트 품은 카카오게임즈 10%↑
165,17, 2021.11.01 16:58,‘오딘 개발사’ 품었다…카카오게임즈 주가 10% 급등
166,18, 2021.11.01 16:41,"[특징주]카카오게임즈, 라이온하트 품자 10% 급등"
167,19, 2021.11.01 15:30,"카카오게임즈, 대박난 '오딘' 글로벌 판권 확보"
168,20, 2021.11.01 13:49,[특징주] 라이온하트 품는 '카카오게임즈' 10% 급등
169,21, 2021.11.01 11:58,"카카오게임즈, 국내 1위 게임 ‘오딘’ 개발사 라이온하트 인수"
170,22, 2021.11.01 11:29,"카카오게임즈, 라이온하트 스튜디오 지분 30.37% 인수"
171,23, 2021.11.01 11:25,"[시그널] 카카오게임즈, ‘오딘’ 개발사 인수···IPO 나설까"
172,0, 2021.11.03 09:15,"카카오게임즈, ‘오딘’ 흥행 타고 영업익 427억 전년 동기 대비 10..."
173,1, 2021.11.03 09:05,[상보] 카카오게임즈 3Q 영업익 427억.. 전년比 101%↑
174,2, 2021.11.03 09:02,‘1등 게임’ 효과 이 정도? 카카오게임즈 3분기 영업익 ‘2배’ 껑충...
175,3, 2021.11.03 08:59,"[1보] 카카오게임즈 3Q 매출 4662억, 영업익 427억"
176,4, 2021.11.03 08:56,"카카오게임즈, 3분기 영업익 427억…전년비 101.3% ↑"
177,5, 2021.11.02 10:15,"카카오게임즈, 신작 모바일 ‘에버소울’ 지스타에서 만난다"
178,6, 2021.11.01 18:03,라이온하트 품은 카카오게임즈 10%↑
179,7, 2021.11.01 16:58,‘오딘 개발사’ 품었다…카카오게임즈 주가 10% 급등
180,8, 2021.11.01 16:41,"[특징주]카카오게임즈, 라이온하트 품자 10% 급등"
181,9, 2021.11.01 15:30,"카카오게임즈, 대박난 '오딘' 글로벌 판권 확보"
182,10, 2021.11.01 13:49,[특징주] 라이온하트 품는 '카카오게임즈' 10% 급등
183,11, 2021.11.01 11:58,"카카오게임즈, 국내 1위 게임 ‘오딘’ 개발사 라이온하트 인수"
184,12, 2021.11.01 11:29,"카카오게임즈, 라이온하트 스튜디오 지분 30.37% 인수"
185,13, 2021.11.01 11:25,"[시그널] 카카오게임즈, ‘오딘’ 개발사 인수···IPO 나설까"
186,14, 2021.11.01 17:37,"크래프톤·카카오게임즈, 이달 MSCI 편입 유력"
187,15, 2021.11.01 16:23,"[증시이슈] 히트작 ‘오딘’ 개발사 품은 카카오게임즈, 10% 급등"
188,16, 2021.11.01 16:22,게임주 강세…펄어비스·카카오게임즈 시총 3·4위 올라
189,0, 2021.11.01 16:23,"[증시이슈] 히트작 ‘오딘’ 개발사 품은 카카오게임즈, 10% 급등"
190,1, 2021.11.01 16:22,게임주 강세…펄어비스·카카오게임즈 시총 3·4위 올라
191,2, 2021.11.01 16:14,"카카오게임즈, 2090억원 규모의 유상증자 결정"
192,3, 2021.11.01 13:52,"카카오게임즈, 2090억 규모 3자배정 유상증자 결정"
193,4, 2021.11.01 11:30,"카카오게임즈, 2091억 규모 제3자배정 유상증자 결정"
194,5, 2021.11.01 16:12,"[마감시황] 카카오게임즈, ‘오딘’ 개발사 지분 취득해 10% 상승"
195,6, 2021.11.01 15:40,NFT 바람 올라탄 게임株…게임빌·카카오게임즈 날았다
196,7, 2021.11.01 15:30,"카카오게임즈, 대박난 '오딘' 글로벌 판권 확보"
197,8, 2021.11.01 13:49,[특징주] 라이온하트 품는 '카카오게임즈' 10% 급등
198,9, 2021.11.01 11:58,"카카오게임즈, 국내 1위 게임 ‘오딘’ 개발사 라이온하트 인수"
199,10, 2021.11.01 11:29,"카카오게임즈, 라이온하트 스튜디오 지분 30.37% 인수"
200,11, 2021.11.01 11:25,"[시그널] 카카오게임즈, ‘오딘’ 개발사 인수···IPO 나설까"
201,12, 2021.11.01 15:05,"카카오게임즈, 라이온하트스튜디오 지분 30% 취득"
202,13, 2021.11.01 14:32,"카카오게임즈, 라이온하트스튜디오 지분 30% 4500억에 취득"
203,14, 2021.11.01 13:28,"카카오게임즈, 오딘 개발사 '라이온하트스튜디오' 품는다 [주목e공시]"
204,15, 2021.11.01 11:14,"카카오게임즈 유럽법인, 라이온하트스튜디오 지분 30.37% 취득"
205,16, 2021.11.01 14:48,"'오딘' 개발사 품은 카카오게임즈, 장중 9% 급등"
206,17, 2021.11.01 14:36,"카카오게임즈, 1위 게임 '오딘' 개발사 품었다"
207,18, 2021.11.01 14:13,"카카오게임즈, ‘오딘’ 개발사 라이온하트 최대주주 올라"
208,19, 2021.11.01 11:44,"카카오게임즈, '오딘' 개발사 4500억에 품었다"
209,20, 2021.11.01 11:16,"카카오게임즈, 계열사 카카오게임즈유럽 주식 4500억 규모 추가 취득 ..."
210,21, 2021.11.01 11:05,"[공시]카카오게임즈, 카카오게임즈유럽에 4500억원 출자"
211,22, 2021.11.01 11:03,"카카오게임즈, 4500억원 규모 유럽법인 지분 취득"
212,0, 2022.01.16 09:36,코스닥 주간 외국인 순매수 1위 ‘카카오게임즈’
213,1, 2022.01.14 11:36,"카카오게임즈, ‘오딘’ 대만 공략 ‘시동’…현지 게임쇼 출품"
214,2, 2022.01.14 10:40,"카카오게임즈 '오딘' 대만 출격…""韓 흥행 이어간다"""
215,3, 2022.01.14 09:06,"카카오게임즈 '오딘', 대만서 엔씨 리니지W와 격돌 예정"
216,4, 2022.01.14 08:42,"카카오게임즈, 예상보다 빠른 오딘 매출 감소에 목표가↓-삼성증권"
217,5, 2022.01.13 09:04,올해 20% 빠진 카카오게임즈…4분기 실적 두고 증권가 엇갈린 시각
218,6, 2022.01.12 14:22,"카카오게임즈, '카카오 배틀그라운드' 무료 서비스 시작"
219,7, 2022.01.12 13:20,"""사? 말어?""…카카오게임즈 엇갈린 전망에 개미들 '혼동'"
220,8, 2022.01.12 08:40,NH증권 “카카오게임즈 목표가 11만5000원으로 하향…신사업은 호재...
221,9, 2022.01.12 08:18,"""카카오게임즈, 4Q 실적 부진...메타버스·NFT 신사업에 주목"""
222,10, 2022.01.12 07:49,"카카오게임즈, 오딘 매출 하향으로 목표가↓신사업 기대-NH"
223,11, 2022.01.12 07:38,"카카오게임즈, 오딘 매출하락 불가피…목표가 ↓ -NH"
224,12, 2022.01.12 07:35,"[클릭 e종목] ""카카오게임즈, '오딘'은 이미 캐시카우"""
225,13, 2022.01.10 16:08,"카카오게임즈, 디지털 격차 해소 위한 사회공헌 활동 진행"
226,14, 2022.01.10 11:30,[종목속으로] 하락세 뚜렷 카카오게임즈…대표 게임 실적에 매출 '흔들흔...
227,15, 2022.01.06 18:54,카카오게임즈 하루새 14% 급락
228,16, 2022.01.06 10:24,"카카오게임즈, 4분기 실적 부진 전망에 주가 10% 넘게 하락"
229,17, 2022.01.06 10:22,"[특징주]카카오게임, 실적 우려에 10% 넘게 급락"
230,18, 2022.01.06 17:52,게임주 동반 추락…카카오게임즈 14%↓
231,0, 2021.11.01 14:13,"카카오게임즈, ‘오딘’ 개발사 라이온하트 최대주주 올라"
232,1, 2021.11.01 11:44,"카카오게임즈, '오딘' 개발사 4500억에 품었다"
233,2, 2021.11.01 13:52,"카카오게임즈, 2090억 규모 3자배정 유상증자 결정"
234,3, 2021.11.01 11:30,"카카오게임즈, 2091억 규모 제3자배정 유상증자 결정"
235,4, 2021.11.01 13:49,[특징주] 라이온하트 품는 '카카오게임즈' 10% 급등
236,5, 2021.11.01 11:58,"카카오게임즈, 국내 1위 게임 ‘오딘’ 개발사 라이온하트 인수"
237,6, 2021.11.01 11:29,"카카오게임즈, 라이온하트 스튜디오 지분 30.37% 인수"
238,7, 2021.11.01 11:25,"[시그널] 카카오게임즈, ‘오딘’ 개발사 인수···IPO 나설까"
239,8, 2021.11.01 13:28,"카카오게임즈, 오딘 개발사 '라이온하트스튜디오' 품는다 [주목e공시]"
240,9, 2021.11.01 11:14,"카카오게임즈 유럽법인, 라이온하트스튜디오 지분 30.37% 취득"
241,10, 2021.11.01 11:16,"카카오게임즈, 계열사 카카오게임즈유럽 주식 4500억 규모 추가 취득 ..."
242,11, 2021.11.01 11:05,"[공시]카카오게임즈, 카카오게임즈유럽에 4500억원 출자"
243,12, 2021.11.01 11:03,"카카오게임즈, 4500억원 규모 유럽법인 지분 취득"
244,13, 2021.10.31 10:37,코스닥 주간 기관 순매수 1위 '카카오게임즈'
245,14, 2021.10.31 10:36,코스닥 주간 외국인 순매도 1위 '카카오게임즈'
246,15, 2021.10.29 11:41,[증시이슈] “글로벌 시장 공략” 카카오게임즈 주가 ↑
247,16, 2021.10.28 17:28,"카카오게임즈, 남궁훈 대표 북미·유럽 법인장 겸직"
248,17, 2021.10.28 13:47,"남궁훈·조계현 카카오게임즈 대표, 해외사업 직접 챙긴다"
249,18, 2021.10.28 10:57,"카카오게임즈, 글로벌 사업 강화 위해 경영 체제 바꾼다"
250,0, 2021.11.01 11:14,"카카오게임즈 유럽법인, 라이온하트스튜디오 지분 30.37% 취득"
251,1, 2021.11.01 11:05,"[공시]카카오게임즈, 카카오게임즈유럽에 4500억원 출자"
252,2, 2021.11.01 11:03,"카카오게임즈, 4500억원 규모 유럽법인 지분 취득"
253,3, 2021.10.31 10:37,코스닥 주간 기관 순매수 1위 '카카오게임즈'
254,4, 2021.10.31 10:36,코스닥 주간 외국인 순매도 1위 '카카오게임즈'
255,5, 2021.10.29 11:41,[증시이슈] “글로벌 시장 공략” 카카오게임즈 주가 ↑
256,6, 2021.10.28 17:28,"카카오게임즈, 남궁훈 대표 북미·유럽 법인장 겸직"
257,7, 2021.10.28 13:47,"남궁훈·조계현 카카오게임즈 대표, 해외사업 직접 챙긴다"
258,8, 2021.10.28 10:57,"카카오게임즈, 글로벌 사업 강화 위해 경영 체제 바꾼다"
259,9, 2021.10.27 16:21,"카카오게임즈, 11월 3일 3분기 결산실적 공시 예정"
260,10, 2021.10.27 11:30,카카오게임즈마저 제친 '위메이드'
261,11, 2021.10.22 10:44,"카카오게임즈, 엘리온 북미·유럽 출시에 6%대 강세"
262,12, 2021.10.22 10:29,"[특징주] 카카오게임즈, ‘엘리온’ 북미·유럽 출시에 급등"
263,13, 2021.10.22 09:38,"[개장시황] 카카오게임즈, ‘엘리온’ 북미·유럽 서비스 개시에 상승세"
264,0, 2021.10.27 11:30,카카오게임즈마저 제친 '위메이드'
265,1, 2021.10.22 10:44,"카카오게임즈, 엘리온 북미·유럽 출시에 6%대 강세"
266,2, 2021.10.22 10:29,"[특징주] 카카오게임즈, ‘엘리온’ 북미·유럽 출시에 급등"
267,3, 2021.10.22 09:38,"[개장시황] 카카오게임즈, ‘엘리온’ 북미·유럽 서비스 개시에 상승세"
268,4, 2021.10.21 10:30,"카카오게임즈, ‘엘리온’ 북미유럽 서비스"
269,5, 2021.10.20 10:37,"카카오게임즈, 님블뉴런이 개발한 ‘이터널리턴’ 북미·유럽 퍼블리싱 맡아"
270,6, 2021.10.20 10:11,"카카오게임즈, 님블뉴런 ‘이터널 리턴’ 북미와 유럽에 유통"
271,7, 2021.10.20 09:12,"카카오게임즈, 님블뉴런과 '이터널 리턴' 북미·유럽 퍼블리싱 계약"
272,8, 2021.10.19 16:20,"카카오게임즈 ‘오딘’, 100일 시험대 넘었다"
273,9, 2021.10.18 16:11,[마감시황] 카카오게임즈·위메이드 상승세에도 펄어비스 하락
274,10, 2021.10.18 14:53,"카카오게임즈, 5% 넘게 상승···MSCI 편입 전망·신작 게임 이미지..."
275,11, 2021.10.12 17:46,"후원사 찾아 헤맨 지스타, 카카오게임즈가 등판···3N은 최초 동시 불..."
276,12, 2021.10.12 14:57,"""카카오게임즈, 11월 MSCI 편입 예상...주가 흐름 지켜봐야"""
277,0, 2021.10.18 14:53,"카카오게임즈, 5% 넘게 상승···MSCI 편입 전망·신작 게임 이미지..."
278,1, 2021.10.12 17:46,"후원사 찾아 헤맨 지스타, 카카오게임즈가 등판···3N은 최초 동시 불..."
279,2, 2021.10.12 14:57,"""카카오게임즈, 11월 MSCI 편입 예상...주가 흐름 지켜봐야"""
280,3, 2021.10.12 13:27,카카오게임즈 ‘오딘’ 3개월 연속 모바일게임 매출 1위
281,4, 2021.10.08 09:36,"카카오게임즈 '오딘', 9월 매출 500억 상회…엔씨소프트 2?3?4위..."
282,5, 2021.10.07 17:36,"카카오게임즈, '오딘' 유튜브 채널 개설...유저 친화 움직임"
283,6, 2021.10.07 01:21,"'오딘' 100일 맞은 카카오게임즈, 3Q 실적에 반등할까"
284,7, 2021.09.29 16:34,"카카오게임즈, '오딘' 편의기능 및 전투스킬 업데이트"
285,8, 2021.09.29 09:54,"""어쩌다가""…카카오게임즈, 두 달 새 1조 넘게 날리고 추락"
286,9, 2021.09.27 10:00,"카카오게임즈, '가디언 테일즈' 신규 영웅 추가...업데이트 박차"
287,10, 2021.09.26 09:50,"'오딘이 끝이 아니다'…카카오게임즈, 실적·신작·인수 3중 호재 남았다"
288,0, 2021.09.26 09:50,"'오딘이 끝이 아니다'…카카오게임즈, 실적·신작·인수 3중 호재 남았다"
289,1, 2021.09.24 08:41,"카카오게임즈, 3·4분기 영업이익 전망치 하회 예상···목표가↓ -이베..."
290,2, 2021.09.24 08:18,"카카오게임즈, 3분기 영업익 기대치 밑돌 것…목표가↓-이베스트"
291,3, 2021.09.24 08:17,"[클릭 e종목] ""오딘 '약발' 끝났나…숨고르기 들어선 카카오게임즈"""
292,4, 2021.09.24 08:14,"카카오게임즈, 모멘텀 공백기…목표가↓-이베스트"
293,5, 2021.09.20 11:27,게임주 전망 톺아보기 (3) 기대감 듬뿍 카카오게임즈. 다시 10만원 ...
294,6, 2021.09.17 08:33,"카카오게임즈, '오딘' 흥행에 기존 게임도 안정적…목표가↑-DS"
295,7, 2021.09.17 07:43,"카카오게임즈, 3Q부터 오딘 실적 본격 반영…목표가 ↑ -DS"
296,8, 2021.09.09 09:24,"카카오게임즈 ‘오딘’, 모바일게임 매출 두 달 연속 1위"
297,9, 2021.09.08 17:40,"카카오게임즈, 신작 ‘월드 플리퍼’ 8일 글로벌 공략"
298,10, 2021.09.08 17:28,"카카오게임즈, '월드플리퍼' 글로벌 출시"
299,11, 2021.09.08 17:15,"카카오게임즈, 액션 야심작 ‘월드 플리퍼’ 출시"
300,12, 2021.09.08 16:33,카카오게임즈 신작 모바일 RPG ‘월드 플리퍼’ 글로벌 출격
301,13, 2021.09.08 14:18,"카카오게임즈, ‘오딘: 발할라 라이징’ 편의성 개선 업데이트"
302,14, 2021.09.06 16:11,"[마감시황] 중국 게임 규제 시행에 카카오게임즈, 펄어비스 등 모두 하..."
303,15, 2021.09.02 15:26,"카카오게임즈, ‘이터널 리턴’ 신규 캐릭터 ‘다니엘’ 공개"
304,16, 2021.09.01 17:41,"감 잡은 카카오게임즈, ‘프렌즈샷-월드플리퍼’ 띄운다"
305,17, 2021.09.01 16:39,"카카오게임즈 신작 ‘프렌즈샷’, 양대마켓 인기 1위"
306,18, 2021.09.01 16:25,'오딘' 대박 이어···카카오게임즈 '프렌즈샷: 누구나골프' 양대 앱...
307,19, 2021.09.01 16:19,"카카오게임즈 ‘프렌즈샷: 누구나골프’, 양대 마켓 인기 순위 1위 달..."
308,0, 2021.09.08 17:28,"카카오게임즈, '월드플리퍼' 글로벌 출시"
309,1, 2021.09.08 17:15,"카카오게임즈, 액션 야심작 ‘월드 플리퍼’ 출시"
310,2, 2021.09.08 16:33,카카오게임즈 신작 모바일 RPG ‘월드 플리퍼’ 글로벌 출격
311,3, 2021.09.08 14:18,"카카오게임즈, ‘오딘: 발할라 라이징’ 편의성 개선 업데이트"
312,4, 2021.09.06 16:11,"[마감시황] 중국 게임 규제 시행에 카카오게임즈, 펄어비스 등 모두 하..."
313,5, 2021.09.02 15:26,"카카오게임즈, ‘이터널 리턴’ 신규 캐릭터 ‘다니엘’ 공개"
314,6, 2021.09.01 17:41,"감 잡은 카카오게임즈, ‘프렌즈샷-월드플리퍼’ 띄운다"
315,7, 2021.09.01 16:39,"카카오게임즈 신작 ‘프렌즈샷’, 양대마켓 인기 1위"
316,8, 2021.09.01 16:25,'오딘' 대박 이어···카카오게임즈 '프렌즈샷: 누구나골프' 양대 앱...
317,9, 2021.09.01 16:19,"카카오게임즈 ‘프렌즈샷: 누구나골프’, 양대 마켓 인기 순위 1위 달..."
318,10, 2021.08.31 17:22,"카카오게임즈, 임원들에게 404.5억원 규모 주식매수선택권 부여"
319,11, 2021.08.31 16:15,"카카오게임즈, 신작 ‘월드 플리퍼’ 9월8일 출시"
320,12, 2021.08.31 11:08,"카카오게임즈, 월드 플리퍼 9월 8일 출시 예고"
321,13, 2021.08.31 11:03,"카카오게임즈, '랜덤다이스' 111퍼센트와 마케팅 파트너십 계약 체결"
322,14, 2021.08.31 11:03,"카카오게임즈, 111퍼센트와 전략적 마케팅 파트너십 체결"
323,15, 2021.08.31 10:25,"카카오게임즈-111퍼센트, 마케팅 파트너십 협업"
324,16, 2021.08.30 15:49,"카카오게임즈, 모바일 신작 ‘프렌즈샷: 누구나골프’ 정식 출시"
325,17, 2021.08.30 12:36,"카카오게임즈, ‘프렌즈샷: 누구나골프’ 정식 출시"
326,18, 2021.08.30 11:47,"카카오게임즈, 신작 ‘프렌즈샷:누구나골프’ 출시"
327,19, 2021.08.30 11:53,"카카오게임즈, ‘프렌즈샷:누구나골프’ 출시…180만명 사전예약자 ‘눈길..."
328,0, 2021.08.31 17:22,"카카오게임즈, 임원들에게 404.5억원 규모 주식매수선택권 부여"
329,1, 2021.08.31 16:15,"카카오게임즈, 신작 ‘월드 플리퍼’ 9월8일 출시"
330,2, 2021.08.31 11:08,"카카오게임즈, 월드 플리퍼 9월 8일 출시 예고"
331,3, 2021.08.31 11:03,"카카오게임즈, '랜덤다이스' 111퍼센트와 마케팅 파트너십 계약 체결"
332,4, 2021.08.31 11:03,"카카오게임즈, 111퍼센트와 전략적 마케팅 파트너십 체결"
333,5, 2021.08.31 10:25,"카카오게임즈-111퍼센트, 마케팅 파트너십 협업"
334,6, 2021.08.30 15:49,"카카오게임즈, 모바일 신작 ‘프렌즈샷: 누구나골프’ 정식 출시"
335,7, 2021.08.30 12:36,"카카오게임즈, ‘프렌즈샷: 누구나골프’ 정식 출시"
336,8, 2021.08.30 11:47,"카카오게임즈, 신작 ‘프렌즈샷:누구나골프’ 출시"
337,9, 2021.08.30 11:53,"카카오게임즈, ‘프렌즈샷:누구나골프’ 출시…180만명 사전예약자 ‘눈길..."
338,10, 2021.08.27 16:20,"[마감시황] 신작 ‘뉴스테이트’ 기대감에 크래프톤 5.86%↑, 카카오..."
339,11, 2021.08.27 09:38,"[개장시황] 카카오게임즈·포스코 하락세, 펄어비스는 12.5%↑"
340,12, 2021.08.26 16:25,"[마감시황] 펄어비스 신작 도깨비 공개에 25.57%↑, 카카오게임즈·..."
341,13, 2021.08.26 09:44,[개장시황] SK하이닉스·카카오게임즈·펄어비스 상승세로 출발
342,14, 2021.08.20 11:26,[CEO UP | 조계현 카카오게임즈 대표] ‘오딘’으로 승승장구…선구...
343,0, 2021.08.27 16:20,"[마감시황] 신작 ‘뉴스테이트’ 기대감에 크래프톤 5.86%↑, 카카오..."
344,1, 2021.08.27 09:38,"[개장시황] 카카오게임즈·포스코 하락세, 펄어비스는 12.5%↑"
345,2, 2021.08.26 16:25,"[마감시황] 펄어비스 신작 도깨비 공개에 25.57%↑, 카카오게임즈·..."
346,3, 2021.08.26 09:44,[개장시황] SK하이닉스·카카오게임즈·펄어비스 상승세로 출발
347,4, 2021.08.20 11:26,[CEO UP | 조계현 카카오게임즈 대표] ‘오딘’으로 승승장구…선구...
348,5, 2021.08.19 17:14,"카카오게임즈, ‘이터널 리턴’ 신규 캐릭터 ‘이바’ 출시"
349,6, 2021.08.17 16:09,"카카오게임즈, ‘프린세스 커넥트 Re:Dive’ 신규 캐릭터 추가"
350,7, 2021.08.17 10:36,"카카오게임즈 신작 ‘프렌즈샷’, 사전예약 100만 ‘돌파’"
351,8, 2021.08.16 09:55,코스닥 주간 외국인 순매수 1위 ‘카카오게임즈’
352,9, 2021.08.13 11:04,"[증시이슈] 크래프톤 오르고, 카카오게임즈 내리고 희비 엇갈린 게임주"
353,0, 2021.08.13 09:35,"카카오게임즈 5.7% 급락...""넷마블 보유 주식 처분"""
354,1, 2021.08.12 09:46,카카오게임즈 잘 나간다는데…대장주 엔씨 목표가 줄하향 왜?
355,2, 2021.08.10 17:55,"카카오게임즈, ‘프렌즈샷: 누구나골프’ 사전예약 실시"
356,3, 2021.08.08 11:03,코스닥 주간 외국인 순매도 상위 1위 ‘카카오게임즈’
357,4, 2021.08.08 11:03,코스닥 주간 개인 순매수 상위 1위 ‘카카오게임즈’
358,5, 2021.08.07 05:28,10만원 찍고 주르륵…그래도 카카오게임즈 사라는 증권가
359,6, 2021.08.06 08:53,"카카오게임즈, '오딘' 이후 숨고르기 예상...투자의견 '중립'-메리츠"
360,7, 2021.08.06 08:53,"메리츠證 ""카카오게임즈, 글로벌 게임사 발돋움 변곡점"""
361,8, 2021.08.06 08:01,"카카오게임즈, '오딘' 모멘텀 이후도 신작 효과 등 여전 -이베스트"
362,9, 2021.08.06 01:56,카카오게임즈는 '따상상'…오늘 상장 카카오뱅크는?
363,10, 2021.08.05 22:02,"오딘 약발 끝?…지지부진 카카오게임즈, 증권가 ""더 간다"" 이유는?"
364,11, 2021.08.05 08:35,"NH투자증권 “카카오게임즈 3분기 실적 성장할 것, 오딘 성과 지속”"
365,12, 2021.08.05 08:16,"카카오게임즈, 경쟁 게임 등장해도 '오딘' 영향력 지속"
366,13, 2021.08.05 17:10,"""주가보다 높은 스톡옵션 행사가""…카카오게임즈 성장 자신감?"
367,0, 2021.08.05 22:02,"오딘 약발 끝?…지지부진 카카오게임즈, 증권가 ""더 간다"" 이유는?"
368,1, 2021.08.05 08:35,"NH투자증권 “카카오게임즈 3분기 실적 성장할 것, 오딘 성과 지속”"
369,2, 2021.08.05 08:16,"카카오게임즈, 경쟁 게임 등장해도 '오딘' 영향력 지속"
370,3, 2021.08.05 17:10,"""주가보다 높은 스톡옵션 행사가""…카카오게임즈 성장 자신감?"
371,4, 2021.08.05 08:17,"카카오게임즈, '오딘' 흥행에 대형사와 어깨 나란히…목표가↑-삼성"
372,5, 2021.08.04 17:41,'직원들도 대박'…카카오게임즈 보름만에 또 스톡옵션
373,6, 2021.08.04 17:20,영업이익 반토막 난 카카오게임즈…실적 발표하며 자신감 드러낸 이유
374,7, 2021.08.04 09:50,카카오게임즈 2Q 영업익 '반토막'…'오딘' 마케팅비 발목 [종합]
375,8, 2021.08.04 09:05,"카카오게임즈, 2분기 영업이익 81억 원... 전년비 49.5% 줄어"
376,9, 2021.08.04 09:03,"[종합] 카카오게임즈, 2Q 영업익 81억..전년比 49.5% ↓"
377,10, 2021.08.04 16:28,"카카오게임즈, 직원 49명에 스톡옵션 34.7만주 부여"
378,11, 2021.08.04 15:51,[종합2보] 카카오게임즈 ‘오딘 날개’ 달고 해외시장 공략
379,12, 2021.08.04 14:02,'오딘 19일만에 1천억'…카카오게임즈 3Q 기대고조
380,13, 2021.08.04 13:15,"카카오게임즈, 영업익 '반토막'에도…하반기 밝히는 3가지 이유"
381,14, 2021.08.04 10:48,"‘오딘’ 대박 낸 카카오게임즈, 하반기도 믿고 간다"
382,15, 2021.08.04 09:49,"카카오게임즈 ‘오딘’, 출시 19일 만에 매출 1000억원 돌파"
383,16, 2021.08.04 13:34,"카카오게임즈, 2분기 매출 증가에도 영업익 반 토막 이유는? 향후 변수..."
384,17, 2021.08.04 08:45,"카카오게임즈, 2Q 전년동기대비 22%↑…브랜딩 분야 66%↑"
385,18, 2021.08.04 08:44,"카카오게임즈 2Q 매출 22% 증가…""영업익은 반토막"""
386,19, 2021.08.04 08:39,"카카오게임즈, 2분기 영업익 81억원…전년대비 반토막"
387,20, 2021.08.04 12:13,[카카오게임즈 컨콜] ‘오딘’ 대만 출시 등 글로벌 승부수
388,21, 2021.08.04 11:56,[카카오게임즈 컨콜] 신작 ‘오딘’ 마케팅 비용은 선투자 개념
389,0, 2022.01.06 16:08,"오딘 매출급감에 실적부진 우려...카카오게임즈, 사흘째 하락하며 장중 ..."
390,1, 2022.01.06 13:25,"코스닥, 2% 넘게 급락해 '980선'…카카오게임즈 12%↓"
391,2, 2022.01.06 10:24,"[특징주] ‘오딘’ 업고 오른 카카오게임즈, 실적 부진 전망에 10% ..."
392,3, 2022.01.06 10:22,[증시이슈] 4분기 매출 급감 ‘오딘’…카카오게임즈도 10%대 급락
393,4, 2022.01.06 09:31,"[특징주] 카카오게임즈 6% 약세...""오딘 매출 급감으로 4Q 실적..."
394,5, 2022.01.06 10:08,"카카오게임즈, 오딘 매출 하락 예상에 10% 급락"
395,6, 2022.01.06 09:08,"카카오게임즈, 5%대 약세…4Q 실적 우려"
396,7, 2022.01.06 08:33,"카카오게임즈, 작년 4분기 실적 추정치 하회 예상…목표가 12%↓-이..."
397,8, 2022.01.06 08:02,"카카오게임즈, 모바일게임 '오딘' 매출 하락 예상…목표주가↓-이베스트"
398,9, 2022.01.06 08:57,"카카오게임즈, '오딘' 매출 성장 부진에 목표가↓-이베스트"
399,10, 2022.01.03 17:09,"[신년사]조계현 카카오게임즈 대표 ""비욘드 게임으로 확장 박차"""
400,11, 2022.01.03 16:11,[신년사] 조계현 카카오게임즈 대표 “‘비욘드 게임’ 본격적으로 보여...
401,12, 2022.01.02 13:16,"""'오딘' 해외진출에 메타버스·NFT까지…올해 기대주 카카오게임즈"""
402,13, 2021.12.30 08:53,"현대차증권 ""카카오게임즈, 밸류 매력 갖춘 기대주""···목표주가 12만..."
403,14, 2021.12.30 08:30,현대차증권 “카카오게임즈 해외 진출과 신작 기대…목표가 12만원”
404,15, 2021.12.30 08:25,"카카오게임즈, 내년 메타버스·NFT 본격 진출-현대차"
405,16, 2021.12.30 08:14,"""카카오게임즈, 내년 메타버스·NFT 사업 본격 진출 기대""-현대차"
406,17, 2021.12.30 08:10,"카카오게임즈, 메타버스·NFT 사업 본격화-현대차"
407,0, 2021.08.04 13:34,"카카오게임즈, 2분기 매출 증가에도 영업익 반 토막 이유는? 향후 변수..."
408,1, 2021.08.04 08:45,"카카오게임즈, 2Q 전년동기대비 22%↑…브랜딩 분야 66%↑"
409,2, 2021.08.04 08:44,"카카오게임즈 2Q 매출 22% 증가…""영업익은 반토막"""
410,3, 2021.08.04 08:39,"카카오게임즈, 2분기 영업익 81억원…전년대비 반토막"
411,4, 2021.08.04 13:15,"카카오게임즈, 영업익 '반토막'에도…하반기 밝히는 3가지 이유"
412,5, 2021.08.04 10:48,"‘오딘’ 대박 낸 카카오게임즈, 하반기도 믿고 간다"
413,6, 2021.08.04 09:49,"카카오게임즈 ‘오딘’, 출시 19일 만에 매출 1000억원 돌파"
414,7, 2021.08.04 12:13,[카카오게임즈 컨콜] ‘오딘’ 대만 출시 등 글로벌 승부수
415,8, 2021.08.04 11:56,[카카오게임즈 컨콜] 신작 ‘오딘’ 마케팅 비용은 선투자 개념
416,9, 2021.08.04 11:46,[카카오게임즈 컨콜] 골프 등 스포츠 디지털 전환 가속화
417,10, 2021.08.04 11:31,"[카카오게임즈 컨콜] 오딘, 출시 19일만에 누적매출 1000억"
418,11, 2021.08.04 10:24,"카카오게임즈, 2분기 영업이익 81억…전년동기대비 49%↓"
419,12, 2021.08.04 08:54,"카카오게임즈, ‘오딘 마케팅비↑’ 2분기 영업익 81억원"
420,13, 2021.08.04 09:50,카카오게임즈 2Q 영업익 '반토막'…'오딘' 마케팅비 발목 [종합]
421,14, 2021.08.04 09:05,"카카오게임즈, 2분기 영업이익 81억 원... 전년비 49.5% 줄어"
422,15, 2021.08.04 09:03,"[종합] 카카오게임즈, 2Q 영업익 81억..전년比 49.5% ↓"
423,16, 2021.08.04 08:45,"[상보] 카카오게임즈, 2Q 영업익 81억..전년比 49.5% ↓"
424,17, 2021.08.04 08:43,"카카오게임즈, 2분기 영업익 81억…전년비 49.5% ↓"
425,18, 2021.08.04 08:41,"카카오게임즈, 2Q 영업익 81억…전년比 49%↓"
426,19, 2021.08.04 08:39,[속보] 카카오게임즈 2분기 영업익 81억…전년비 49.5%↓
427,20, 2021.08.04 08:38,"[1보] 카카오게임즈, 2Q 매출 1295억..전년比 22% ↑"
428,0, 2021.08.04 09:05,"카카오게임즈, 2분기 영업이익 81억 원... 전년비 49.5% 줄어"
429,1, 2021.08.04 09:03,"[종합] 카카오게임즈, 2Q 영업익 81억..전년比 49.5% ↓"
430,2, 2021.08.04 08:54,"카카오게임즈, ‘오딘 마케팅비↑’ 2분기 영업익 81억원"
431,3, 2021.08.04 08:45,"[상보] 카카오게임즈, 2Q 영업익 81억..전년比 49.5% ↓"
432,4, 2021.08.04 08:43,"카카오게임즈, 2분기 영업익 81억…전년비 49.5% ↓"
433,5, 2021.08.04 08:41,"카카오게임즈, 2Q 영업익 81억…전년比 49%↓"
434,6, 2021.08.04 08:39,[속보] 카카오게임즈 2분기 영업익 81억…전년비 49.5%↓
435,7, 2021.08.04 08:45,"카카오게임즈, 2Q 전년동기대비 22%↑…브랜딩 분야 66%↑"
436,8, 2021.08.04 08:44,"카카오게임즈 2Q 매출 22% 증가…""영업익은 반토막"""
437,9, 2021.08.04 08:39,"카카오게임즈, 2분기 영업익 81억원…전년대비 반토막"
438,10, 2021.08.04 08:38,"[1보] 카카오게임즈, 2Q 매출 1295억..전년比 22% ↑"
439,11, 2021.08.03 16:05,"카카오게임즈, 모바일 광고 플랫폼 '애드엑스' 품었다"
440,12, 2021.08.03 15:49,"카카오게임즈, 애드테크 기업 '애드엑스' 계열사 편입"
441,13, 2021.08.03 15:56,"카카오게임즈, 애드테크 스타트업 '애드엑스' 인수"
442,14, 2021.08.03 15:32,"카카오게임즈, 애드테크 기업 ‘애드엑스’ 계열사 편입 완료"
443,15, 2021.08.03 13:30,"카카오게임즈, 신작 ‘프렌즈샷: 누구나골프’ 3Q 출시"
444,16, 2021.08.03 13:27,"""라이언과 골프친다""…카카오게임즈, 3Q 新모바일게임 출시"
445,17, 2021.08.01 10:27,코스닥 주간 외국인 순매도 상위 1위 '카카오게임즈'
446,18, 2021.08.01 10:27,코스닥 주간 개인 순매수 상위 1위 '카카오게임즈'
447,19, 2021.07.29 11:20,[주식 초고수는 지금]카카오게임즈·네이처셀 집중 거래
448,0, 2021.08.04 08:38,"[1보] 카카오게임즈, 2Q 매출 1295억..전년比 22% ↑"
449,1, 2021.08.03 16:05,"카카오게임즈, 모바일 광고 플랫폼 '애드엑스' 품었다"
450,2, 2021.08.03 15:49,"카카오게임즈, 애드테크 기업 '애드엑스' 계열사 편입"
451,3, 2021.08.03 15:56,"카카오게임즈, 애드테크 스타트업 '애드엑스' 인수"
452,4, 2021.08.03 15:32,"카카오게임즈, 애드테크 기업 ‘애드엑스’ 계열사 편입 완료"
453,5, 2021.08.03 13:30,"카카오게임즈, 신작 ‘프렌즈샷: 누구나골프’ 3Q 출시"
454,6, 2021.08.03 13:27,"""라이언과 골프친다""…카카오게임즈, 3Q 新모바일게임 출시"
455,7, 2021.08.01 10:27,코스닥 주간 외국인 순매도 상위 1위 '카카오게임즈'
456,8, 2021.08.01 10:27,코스닥 주간 개인 순매수 상위 1위 '카카오게임즈'
457,9, 2021.07.29 11:20,[주식 초고수는 지금]카카오게임즈·네이처셀 집중 거래
458,10, 2021.07.27 11:13,[주식 초고수는 지금] 카카오게임즈 매수·매도 1위 굳건...유니드도 ...
459,11, 2021.07.27 05:30,중복청약 금지에도 카뱅 첫날 96만건…카카오게임즈 2배 웃돌아
460,12, 2021.07.26 16:46,"카카오게임즈 자회사 카카오VX, 1000억 규모 투자 유치"
461,13, 2021.07.26 11:19,[주식 초고수는 지금] 카카오게임즈·네이처셀·진원생명과학 매수·매도 활...
462,0, 2021.07.27 11:13,[주식 초고수는 지금] 카카오게임즈 매수·매도 1위 굳건...유니드도 ...
463,1, 2021.07.27 05:30,중복청약 금지에도 카뱅 첫날 96만건…카카오게임즈 2배 웃돌아
464,2, 2021.07.26 16:46,"카카오게임즈 자회사 카카오VX, 1000억 규모 투자 유치"
465,3, 2021.07.26 11:19,[주식 초고수는 지금] 카카오게임즈·네이처셀·진원생명과학 매수·매도 활...
466,4, 2021.07.25 09:45,코스닥 주간 외국인 순매수 상위 1위 '카카오게임즈'
467,5, 2021.07.25 09:43,코스닥 주간 개인 순매도 상위 1위 '카카오게임즈'
468,6, 2021.07.25 09:07,[펀드와치]카카오게임즈 흥행 가도…게임펀드 수익률 '방긋'
469,7, 2021.07.23 11:24,카카오게임즈 ‘오딘’ vs 펄어비스 ‘사막’...‘게임주 3위’ 불꽃경...
470,8, 2021.07.23 09:20,"카카오게임즈, 또 다시 신고가…장중 약세 전환"
471,9, 2021.07.23 07:45,카카오게임즈 효과?…게임ETF 7월 수익률 `고공행진`
472,10, 2021.07.22 17:11,"카카오게임즈 '오딘' 흥행에 시총 3조원↑…증권가 ""더 간다"""
473,11, 2021.07.22 10:52,"""장중 12%, 이달 70%↑…그때 살껄, 껄무새는 웁니다"" 진격의 ..."
474,0, 2021.07.22 17:11,"카카오게임즈 '오딘' 흥행에 시총 3조원↑…증권가 ""더 간다"""
475,1, 2021.07.22 10:52,"""장중 12%, 이달 70%↑…그때 살껄, 껄무새는 웁니다"" 진격의 ..."
476,2, 2021.07.22 16:26,"카카오게임즈 ‘이터널 리턴’, 다음게임에서 즐긴다"
477,3, 2021.07.22 16:11,카카오게임즈. 이틀 연속 신고가 ‘행진’…‘오딘’ 흥행에 급속 성장 ‘...
478,4, 2021.07.22 14:24,"카카오게임즈, 신작 흥행에 장중 10만원 돌파…신고가 경신"
479,5, 2021.07.22 11:32,"[특징주] '파죽지세' 카카오게임즈, 10만원 고지 뚫었다"
480,6, 2021.07.22 10:44,"카카오게임즈, 10만원 가나…이틀 연속 52주 신고가 경신"
481,7, 2021.07.22 13:36,"카카오게임즈, 이틀째 고공행진…장중 10만원 돌파"
482,8, 2021.07.22 11:20,"카카오게임즈, '이터널 리턴' 다음게임 출시"
483,9, 2021.07.22 11:16,"카카오게임즈, 장중 10만원 돌파…'오딘' 효과 톡톡"
484,10, 2021.07.22 09:27,"'오딘' 열풍 어디까지…카카오게임즈, 3%대 강세"
485,11, 2021.07.22 11:14,[주식 초고수는 지금] 카카오게임즈 전성시대...매수·매도 2거래일째 ...
486,12, 2021.07.22 10:35,"[특징주]카카오게임즈, 외인 ‘사자’에 신고가 경신"
487,13, 2021.07.21 17:59,"이달 53% 뛴 카카오게임즈…증권가 ""오딘 장기흥행 예상"""
488,14, 2021.07.21 15:49,"'오딘 효과' 카카오게임즈, 이달 들어 주가 50% 넘게 올라"
489,0, 2021.07.22 10:44,"카카오게임즈, 10만원 가나…이틀 연속 52주 신고가 경신"
490,1, 2021.07.22 10:35,"[특징주]카카오게임즈, 외인 ‘사자’에 신고가 경신"
491,2, 2021.07.22 09:27,"'오딘' 열풍 어디까지…카카오게임즈, 3%대 강세"
492,3, 2021.07.21 17:59,"이달 53% 뛴 카카오게임즈…증권가 ""오딘 장기흥행 예상"""
493,4, 2021.07.21 15:49,"'오딘 효과' 카카오게임즈, 이달 들어 주가 50% 넘게 올라"
494,5, 2021.07.21 11:27,[주식 초고수는 지금]'오딘' 흥행에 주목...카카오게임즈 매수·매도 ...
495,6, 2021.07.21 10:59,"카카오게임즈, ‘오딘’ 흥행에 신고가 경신"
496,7, 2021.07.21 10:06,"카카오게임즈, '오딘' 흥행에 52주 신고가 경신"
497,8, 2021.07.21 09:55,"[특징주]카카오게임즈, '오딘' 흥행에 신고가 경신"
498,9, 2021.07.21 09:46,"""10만원 가즈아~""…9만원 돌파 카카오게임즈 주가 질주 어디까지"
499,10, 2021.07.21 09:39,"[특징주]카카오게임즈, ""12만원 간다"" 전망에 9%대 강세"
500,11, 2021.07.21 09:16,"카카오게임즈, 12만원 간다는 증권사 전망에 5.72% 급등"
501,12, 2021.07.21 08:43,"""카카오게임즈, 대형 게임사 발돋움""…목표가 12만원-NH"
502,13, 2021.07.21 08:36,"NH證 ""카카오게임즈, 주가 12만 원까지 오를 수 있다"""
503,14, 2021.07.21 08:28,"NH투자증권 “카카오게임즈, 오딘 성공으로 대형사 발돋움…12만원 간..."
504,15, 2021.07.21 08:04,"카카오게임즈, '오딘' 성공…퍼블리싱·투자능력 기대감"
505,16, 2021.07.21 07:56,“카카오게임즈 12만원 간다…오딘 성공 발판”-NH
506,17, 2021.07.21 09:35,[특징주]'오딘'의 진격...카카오게임즈 사상 첫 9만원대
507,18, 2021.07.20 17:21,"""돈 벌수 밖에 없는 상황""…카카오게임즈 넷마블 게임株 ETF '쑥'"
508,19, 2021.07.20 15:17,"카카오게임즈, 모바일 이어 PC게임서도 성과낸다"
509,0, 2021.07.21 09:39,"[특징주]카카오게임즈, ""12만원 간다"" 전망에 9%대 강세"
510,1, 2021.07.21 09:16,"카카오게임즈, 12만원 간다는 증권사 전망에 5.72% 급등"
511,2, 2021.07.21 08:43,"""카카오게임즈, 대형 게임사 발돋움""…목표가 12만원-NH"
512,3, 2021.07.21 08:36,"NH證 ""카카오게임즈, 주가 12만 원까지 오를 수 있다"""
513,4, 2021.07.21 08:28,"NH투자증권 “카카오게임즈, 오딘 성공으로 대형사 발돋움…12만원 간..."
514,5, 2021.07.21 08:04,"카카오게임즈, '오딘' 성공…퍼블리싱·투자능력 기대감"
515,6, 2021.07.21 07:56,“카카오게임즈 12만원 간다…오딘 성공 발판”-NH
516,7, 2021.07.21 09:35,[특징주]'오딘'의 진격...카카오게임즈 사상 첫 9만원대
517,8, 2021.07.20 17:21,"""돈 벌수 밖에 없는 상황""…카카오게임즈 넷마블 게임株 ETF '쑥'"
518,9, 2021.07.20 15:17,"카카오게임즈, 모바일 이어 PC게임서도 성과낸다"
519,10, 2021.07.20 09:00,"이베스트증권 “카카오게임즈, 오딘 개발사 연결 편입 가능성 있어···목..."
520,11, 2021.07.20 08:54,"이베스트證 ""카카오게임즈, 숨은가치 집중해야…목표가 10.5%↑"""
521,12, 2021.07.20 08:48,"카카오게임즈, '오딘' 개발사 편입 전망...목표가 10.5만"
522,13, 2021.07.20 08:26,"카카오게임즈, '리니지' 제친 '오딘' 개발사 편입 기대↑-이베스트"
523,14, 2021.07.20 08:06,"카카오게임즈, 숨은 모멘텀 가시화…목표가↑"
524,15, 2021.07.19 17:18,"[공시] 카카오게임즈, 전체 임직원 대상 스톡옵션 부여"
525,16, 2021.07.19 16:28,"카카오게임즈, 성과 나눈다…임직원 360명에 스톡옵션 부여"
526,17, 2021.07.19 16:57,"'오딘' 흥행에 카카오게임즈, 전직원 스톡옵션 '또 푼다'"
527,18, 2021.07.19 16:54,"엔씨 제친 카카오게임즈, 임직원에 600주씩 스톡옵션 쏜다"
528,19, 2021.07.19 16:46,"[시그널] 오딘 대박난 카카오게임즈, 임직원에 165억 쐈다"
529,20, 2021.07.19 16:30,'오딘 흥행' 카카오게임즈 전직원에 스톡옵션 쏜다
530,21, 2021.07.19 16:19,"‘오딘’ 초대박 흥행 카카오게임즈, 전 임직원 대상 스톡옵션 부여"
531,22, 2021.07.19 16:12,"카카오게임즈, 직원 360명에 스톡옵션 21만6000주 부여"
532,23, 2021.07.19 14:14,코스닥 시총 2위 등극 카카오게임즈…리니지 밀어낸 오딘 매출 놀랍네~
533,24, 2021.07.18 09:39,코스닥 주간 기관 순매수 1위 ‘카카오게임즈’
534,25, 2021.07.18 09:39,코스닥 주간 개인 순매도 1위 ‘카카오게임즈’
535,0, 2021.07.20 09:00,"이베스트증권 “카카오게임즈, 오딘 개발사 연결 편입 가능성 있어···목..."
536,1, 2021.07.20 08:54,"이베스트證 ""카카오게임즈, 숨은가치 집중해야…목표가 10.5%↑"""
537,2, 2021.07.20 08:48,"카카오게임즈, '오딘' 개발사 편입 전망...목표가 10.5만"
538,3, 2021.07.20 08:26,"카카오게임즈, '리니지' 제친 '오딘' 개발사 편입 기대↑-이베스트"
539,4, 2021.07.20 08:06,"카카오게임즈, 숨은 모멘텀 가시화…목표가↑"
540,5, 2021.07.19 17:18,"[공시] 카카오게임즈, 전체 임직원 대상 스톡옵션 부여"
541,6, 2021.07.19 16:28,"카카오게임즈, 성과 나눈다…임직원 360명에 스톡옵션 부여"
542,7, 2021.07.19 16:57,"'오딘' 흥행에 카카오게임즈, 전직원 스톡옵션 '또 푼다'"
543,8, 2021.07.19 16:54,"엔씨 제친 카카오게임즈, 임직원에 600주씩 스톡옵션 쏜다"
544,9, 2021.07.19 16:46,"[시그널] 오딘 대박난 카카오게임즈, 임직원에 165억 쐈다"
545,10, 2021.07.19 16:30,'오딘 흥행' 카카오게임즈 전직원에 스톡옵션 쏜다
546,11, 2021.07.19 16:19,"‘오딘’ 초대박 흥행 카카오게임즈, 전 임직원 대상 스톡옵션 부여"
547,12, 2021.07.19 16:12,"카카오게임즈, 직원 360명에 스톡옵션 21만6000주 부여"
548,13, 2021.07.19 14:14,코스닥 시총 2위 등극 카카오게임즈…리니지 밀어낸 오딘 매출 놀랍네~
549,14, 2021.07.18 09:39,코스닥 주간 기관 순매수 1위 ‘카카오게임즈’
550,15, 2021.07.18 09:39,코스닥 주간 개인 순매도 1위 ‘카카오게임즈’
551,16, 2021.07.16 16:41,"카카오게임즈, 내달 4일 기업설명회 개최"
552,17, 2021.07.16 16:31,"카카오게임즈, 오는 8월 4일 2분기 결산 실적 발표"
553,18, 2021.07.16 16:24,[마감시황] 코스피 9.31p 하락한 3276.91로 마감…카카오게임즈...
554,19, 2021.07.16 15:45,"카카오게임즈, 외국인 매수세에 최고가 경신"
555,20, 2021.07.16 14:47,"카카오게임즈, 이어가는 상승세…신고가 경신"
556,0, 2021.07.19 16:28,"카카오게임즈, 성과 나눈다…임직원 360명에 스톡옵션 부여"
557,1, 2021.07.19 16:19,"‘오딘’ 초대박 흥행 카카오게임즈, 전 임직원 대상 스톡옵션 부여"
558,2, 2021.07.19 16:12,"카카오게임즈, 직원 360명에 스톡옵션 21만6000주 부여"
559,3, 2021.07.19 14:14,코스닥 시총 2위 등극 카카오게임즈…리니지 밀어낸 오딘 매출 놀랍네~
560,4, 2021.07.18 09:39,코스닥 주간 기관 순매수 1위 ‘카카오게임즈’
561,5, 2021.07.18 09:39,코스닥 주간 개인 순매도 1위 ‘카카오게임즈’
562,6, 2021.07.16 16:41,"카카오게임즈, 내달 4일 기업설명회 개최"
563,7, 2021.07.16 16:31,"카카오게임즈, 오는 8월 4일 2분기 결산 실적 발표"
564,8, 2021.07.16 16:24,[마감시황] 코스피 9.31p 하락한 3276.91로 마감…카카오게임즈...
565,9, 2021.07.16 15:45,"카카오게임즈, 외국인 매수세에 최고가 경신"
566,10, 2021.07.16 14:47,"카카오게임즈, 이어가는 상승세…신고가 경신"
567,11, 2021.07.16 14:16,"카카오게임즈, ‘엘리온’ 앞세워 북미·유럽 PC온라인게임 시장 공략 ‘..."
568,12, 2021.07.16 13:38,"카카오게임즈 엘리온, 북미·유럽시장 공략 나선다"
569,0, 2021.07.16 14:47,"카카오게임즈, 이어가는 상승세…신고가 경신"
570,1, 2021.07.16 14:16,"카카오게임즈, ‘엘리온’ 앞세워 북미·유럽 PC온라인게임 시장 공략 ‘..."
571,2, 2021.07.16 13:38,"카카오게임즈 엘리온, 북미·유럽시장 공략 나선다"
572,3, 2021.07.16 13:28,"[특징주] 카카오게임즈, 외인 매수세에 4거래일 연속 상승"
573,4, 2021.07.16 12:56,"카카오게임즈, 상승세에 최고가 돌파"
574,5, 2021.07.16 11:07,"[주식 초고수는 지금]'신작 출시' 카카오게임즈, '오딘' 영광 재현할..."
575,6, 2021.07.16 10:58,"[특징주]카카오게임즈, '오딘 질주'로 급등…52주 최고가"
576,7, 2021.07.14 11:44,"카카오게임즈 ‘이터널 리턴’, 뜨는 아이돌 그룹 ‘에스파’와 만났다"
577,8, 2021.07.14 08:08,"[시가총액 톱10 종목 변화 살펴보니] 카카오게임즈 진입, 스튜디오드래..."
578,9, 2021.07.13 15:01,"카카오게임즈, 하루만에 코스닥 시총 2위 탈환"
579,10, 2021.07.13 13:30,[종목속으로] 오딘 실적에 반등한 카카오게임즈…아직 남은 과제들
580,0, 2021.12.27 16:56,"‘신작 흥행’ 카카오게임즈, NFT·메타버스로 시장 넓힌다"
581,1, 2021.12.22 09:40,"이재명도 긍정한 NFT...""위메이드·카카오게임즈 가장 앞서"""
582,2, 2021.12.15 17:07,CEO 체제 정비한 카카오게임즈 '글로벌 정조준'
583,3, 2021.12.10 17:15,"카카오게임즈, ‘오딘 성공주역’ 조계현 단독 대표 전환"
584,4, 2021.12.10 16:22,카카오게임즈 떠나는 남궁훈…조계현 단독 대표체제 출범
585,5, 2021.12.10 16:16,"카카오게임즈 남궁훈 대표, 대표이사직 사임...조계현 단독대표 체제"
586,6, 2021.12.05 10:34,코스닥 주간 기관 순매도 1위 '카카오게임즈'
587,7, 2021.12.05 10:33,코스닥 주간 외국인 순매수 1위 '카카오게임즈'
588,8, 2021.12.02 17:24,"카카오게임즈, ‘이터널 리턴 코스프레 페스티벌’ 참가자 모집"
589,9, 2021.12.01 19:02,(영상)코스피 '연중 최저치' 찍은 날 공매도 1조…크래프톤·카카오게임...
590,10, 2021.12.01 08:28,"카카오게임즈, 오딘+NFT '스토리' 갖췄다…""목표주가 12만원"""
591,11, 2021.12.01 08:22,"카카오게임즈, 영업이익 개선 기대…목표가 12만원-삼성"
592,12, 2021.12.01 08:17,"""카카오게임즈, 오딘 흥행 입증···목표주가 12만원 제시"""
593,13, 2021.12.01 08:10,"""카카오게임즈, 오딘發 실적 성장에 NFT 스토리까지""-삼성"
594,14, 2021.12.01 07:50,"[클릭 e종목]""카카오게임즈, '오딘' 글로벌 확장으로 이익 개선 기..."
595,15, 2021.11.30 10:34,"카카오게임즈 남궁훈, 카카오 미래 먹거리 발굴한다"
596,0, 2021.07.13 13:30,[종목속으로] 오딘 실적에 반등한 카카오게임즈…아직 남은 과제들
597,1, 2021.07.13 11:28,[주식 초고수는 지금] 코스닥 시총 2위 재탈환 카카오게임즈 집중 매수
598,2, 2021.07.13 10:31,'미친 급등' 카카오게임즈 살까 말까…거품론 '솔솔'
599,3, 2021.07.13 10:27,"카카오게임즈, 애니 3D 미소녀 게임 ‘에버소울’ 일러스트 공개"
600,4, 2021.07.13 06:30,"[1일IT템]MZ세대, 카카오게임즈 '오딘' 흥행 이끌었다..'린저씨 ..."
601,5, 2021.07.12 17:48,"카카오게임즈, ‘오딘 천하’ 열었네"
602,6, 2021.07.12 16:49,‘방콕족’에 게임株 활짝 … 몸값 높아지는 카카오게임즈·펄어비스
603,7, 2021.07.12 16:45,[증시 이슈] 코스닥 시총 2위 싸움 치열… 카카오게임즈 5%↓
604,8, 2021.07.12 16:10,"""너무 올랐나?"" 무섭게 오르던 카카오게임즈 5% 급락, 증권가 과열 ..."
605,9, 2021.07.12 08:50,"이베스트證 ""카카오게임즈, 오딘 흥행에 목표가 올렸지만…투자의견 '보..."
606,10, 2021.07.12 08:07,"카카오게임즈, 신작 '오딘' 매출순위 1위 지킬 것-이베스트"
607,11, 2021.07.12 07:54,"카카오게임즈, 오딘 전망치 상향에 목표가 30%↑…투자의견 `보유`↓"
608,12, 2021.07.12 15:41,"""그동안 너무 올랐나""…카카오게임즈, 5%대 하락"
609,13, 2021.07.12 09:11,"카카오게임즈, 3일만에 하락...""오딘 효과 대부분 반영"""
610,0, 2021.07.12 11:17,"카카오게임즈, 너무 올랐나…4%대 하락"
611,1, 2021.07.12 09:15,"[특징주]카카오게임즈, 목표가 근접해 '홀드'…證의견에 4%대↓"
612,2, 2021.07.12 11:10,[주식 초고수는 지금] 신작 '오딘' 압도적 매출 1위 효과...카카오...
613,3, 2021.07.12 10:42,"카카오게임즈 ‘오딘’, 2030 사로잡았다…비중 60% 이상"
614,4, 2021.07.12 09:35,"코스피, 美 증시 훈풍에 1% 가까이 오름세…카카오게임즈 4%대↓"
615,5, 2021.07.12 09:11,"카카오게임즈, 3일만에 하락...""오딘 효과 대부분 반영"""
616,6, 2021.07.12 08:50,"이베스트證 ""카카오게임즈, 오딘 흥행에 목표가 올렸지만…투자의견 '보유..."
617,7, 2021.07.12 08:07,"카카오게임즈, 신작 '오딘' 매출순위 1위 지킬 것-이베스트"
618,8, 2021.07.12 07:54,"카카오게임즈, 오딘 전망치 상향에 목표가 30%↑…투자의견 `보유`↓"
619,9, 2021.07.11 08:31,[펀드와치]카카오게임즈 '훨훨'…게임펀드 수익률 선두
620,10, 2021.07.10 10:10,"""7일 만에 46% 올랐다""…'오딘' 카카오게임즈 하루 평균 매출 전망..."
621,11, 2021.07.10 08:02,"""7일만에 46% 올랐다""…'오딘 열풍' 카카오게임즈 주가 질주 어디..."
622,12, 2021.07.10 05:37,"카카오게임즈, '오딘 효과'에 7월에만 46% 급등"
623,13, 2021.07.09 16:40,"카카오게임즈, `시총 2위` 등극…더 갈까"
624,14, 2021.07.09 16:13,"[증시이슈] ‘오딘’ 효과 카카오게임즈, 단기과열종목 지정에도 5%대 ..."
625,0, 2021.07.10 10:10,"""7일 만에 46% 올랐다""…'오딘' 카카오게임즈 하루 평균 매출 전망..."
626,1, 2021.07.10 08:02,"""7일만에 46% 올랐다""…'오딘 열풍' 카카오게임즈 주가 질주 어디..."
627,2, 2021.07.10 05:37,"카카오게임즈, '오딘 효과'에 7월에만 46% 급등"
628,3, 2021.07.09 16:40,"카카오게임즈, `시총 2위` 등극…더 갈까"
629,4, 2021.07.09 16:13,"[증시이슈] ‘오딘’ 효과 카카오게임즈, 단기과열종목 지정에도 5%대 ..."
630,5, 2021.07.09 09:49,"[특징주]'무선통신 기기업체 인수' 카카오게임즈, 하락장에도 ‘선방’"
631,6, 2021.07.09 09:47,"카카오게임즈, 거리두기 단계 격상에도 2% 가까이 상승세"
632,7, 2021.07.09 09:31,"[특징주] 카카오게임즈, 코스닥 시총 2위 굳히기...오늘도 2% 강세"
633,8, 2021.07.09 09:27,"코스닥, 개인 `팔자`에 하락 출발…카카오게임즈 `강세`"
634,9, 2021.07.09 08:58,"카카오게임즈, 레저·스포츠 웨어러블 기업 세나테크놀로지 인수 [마켓인사..."
635,10, 2021.07.08 18:58,"카카오게임즈, 코스닥 시총 2위 됐다"
636,11, 2021.07.08 17:56,이달에만 39%…셀트리온제약 제친 카카오게임즈 하반기에 대형 신작 줄...
637,12, 2021.07.08 16:18,"‘오딘’ 업은 카카오게임즈, 코스닥 시총 2위… 카카오 지분 가치 2..."
638,13, 2021.07.08 16:10,"'오딘' 카카오게임즈, 셀트리온제약 제치고 시총 2위 목표가도 올랐다"
639,14, 2021.07.08 14:41,"카카오게임즈, 결국 셀트리온제약 제쳤다…시총 2위 등극"
640,15, 2021.07.08 14:11,"카카오게임즈, 오딘 열풍에 셀트리온제약 제치고 시총 2위"
641,16, 2021.07.08 13:51,"[특징주]카카오게임즈, 코스닥 시총 2위…‘오딘’ 열풍에 '강세'"
642,17, 2021.07.08 17:44,"카카오게임즈, 세나테크놀로지 인수…""스포츠 사업 확대"""
643,18, 2021.07.08 17:37,"카카오게임즈, 952억에 웨어러블 기기업체 인수"
644,19, 2021.07.08 17:16,"카카오게임즈, 스포츠 통신기기 업체 세나테크놀로지 인수"
645,20, 2021.07.08 17:02,"“일상의 게임화” 카카오게임즈, 웨어러블 스포츠 기기 업체 인수"
646,21, 2021.07.08 16:52,"카카오게임즈, 글로벌 레저 기술기업 950억에 산다"
647,22, 2021.07.08 16:51,"[시그널] 카카오게임즈, 무선 통신장비 제조사 세나테크놀로지 인수"
648,0, 2021.07.08 18:58,"카카오게임즈, 코스닥 시총 2위 됐다"
649,1, 2021.07.08 17:56,이달에만 39%…셀트리온제약 제친 카카오게임즈 하반기에 대형 신작 줄...
650,2, 2021.07.08 16:18,"‘오딘’ 업은 카카오게임즈, 코스닥 시총 2위… 카카오 지분 가치 2..."
651,3, 2021.07.08 16:10,"'오딘' 카카오게임즈, 셀트리온제약 제치고 시총 2위 목표가도 올랐다"
652,4, 2021.07.08 14:41,"카카오게임즈, 결국 셀트리온제약 제쳤다…시총 2위 등극"
653,5, 2021.07.08 14:11,"카카오게임즈, 오딘 열풍에 셀트리온제약 제치고 시총 2위"
654,6, 2021.07.08 13:51,"[특징주]카카오게임즈, 코스닥 시총 2위…‘오딘’ 열풍에 '강세'"
655,7, 2021.07.08 17:44,"카카오게임즈, 세나테크놀로지 인수…""스포츠 사업 확대"""
656,8, 2021.07.08 17:37,"카카오게임즈, 952억에 웨어러블 기기업체 인수"
657,9, 2021.07.08 17:16,"카카오게임즈, 스포츠 통신기기 업체 세나테크놀로지 인수"
658,10, 2021.07.08 17:02,"“일상의 게임화” 카카오게임즈, 웨어러블 스포츠 기기 업체 인수"
659,11, 2021.07.08 16:52,"카카오게임즈, 글로벌 레저 기술기업 950억에 산다"
660,12, 2021.07.08 16:51,"[시그널] 카카오게임즈, 무선 통신장비 제조사 세나테크놀로지 인수"
661,13, 2021.07.08 16:43,"'파죽지세' 카카오게임즈, 시총 2위 등극…M&A 모멘텀 더해지나"
662,14, 2021.07.08 16:35,"카카오게임즈, 스포츠 통신·스마트 헬멧 기업 세나테크놀로지 인수"
663,15, 2021.07.08 16:42,"카카오게임즈, 세나테크놀로지 지분 54.53% 취득"
664,16, 2021.07.08 16:02,"카카오게임즈, 세나테크놀로지 지분 54.5% 취득 결정"
665,17, 2021.07.08 15:42,"카카오게임, '셀트리온 2체제' 깼다...코스닥 시총 2위 등극"
666,18, 2021.07.08 13:57,"카카오게임즈, 셀트리온제약 제치고 코스닥 시총 2위 등극"
667,19, 2021.07.08 10:52,"""대체 얼마까지 가려고…"" 코스피 카카오, 코스닥 카카오게임즈 연일 '..."
668,20, 2021.07.07 19:09,이래야 게임산업이지…리니지 끌어내린 카카오게임즈 ‘오딘’
669,21, 2021.07.07 10:11,카카오게임즈 ‘오딘’ 질주…장기 흥행 ‘가도’
670,22, 2021.07.06 11:36,"[주식 초고수는 지금]'오딘 장기흥행 기대' 카카오게임즈 사고, '임상..."
671,23, 2021.07.05 17:41,"카카오게임즈 또 6% 올랐다…외국인 기관 쌍끌이 코스닥, 3일째 최고치"
672,0, 2021.07.08 16:35,"카카오게임즈, 스포츠 통신·스마트 헬멧 기업 세나테크놀로지 인수"
673,1, 2021.07.08 16:18,"‘오딘’ 업은 카카오게임즈, 코스닥 시총 2위… 카카오 지분 가치 2...."
674,2, 2021.07.08 16:10,"'오딘' 카카오게임즈, 셀트리온제약 제치고 시총 2위 목표가도 올랐다"
675,3, 2021.07.08 14:41,"카카오게임즈, 결국 셀트리온제약 제쳤다…시총 2위 등극"
676,4, 2021.07.08 14:11,"카카오게임즈, 오딘 열풍에 셀트리온제약 제치고 시총 2위"
677,5, 2021.07.08 13:51,"[특징주]카카오게임즈, 코스닥 시총 2위…‘오딘’ 열풍에 '강세'"
678,6, 2021.07.08 16:02,"카카오게임즈, 세나테크놀로지 지분 54.5% 취득 결정"
679,7, 2021.07.08 15:42,"카카오게임, '셀트리온 2체제' 깼다...코스닥 시총 2위 등극"
680,8, 2021.07.08 13:57,"카카오게임즈, 셀트리온제약 제치고 코스닥 시총 2위 등극"
681,9, 2021.07.08 10:52,"""대체 얼마까지 가려고…"" 코스피 카카오, 코스닥 카카오게임즈 연일 '..."
682,10, 2021.07.07 19:09,이래야 게임산업이지…리니지 끌어내린 카카오게임즈 ‘오딘’
683,11, 2021.07.07 10:11,카카오게임즈 ‘오딘’ 질주…장기 흥행 ‘가도’
684,12, 2021.07.06 11:36,"[주식 초고수는 지금]'오딘 장기흥행 기대' 카카오게임즈 사고, '임상..."
685,13, 2021.07.05 17:41,"카카오게임즈 또 6% 올랐다…외국인 기관 쌍끌이 코스닥, 3일째 최고치"
686,14, 2021.07.05 14:25,"카카오게임즈, 코스닥 시총 2위 다툰다…신작 게임 ‘오딘’ 흥행에 급등"
687,15, 2021.07.05 10:19,'오딘' 카카오게임즈 또 급등 12% '쑥'…셀트리온제약과 시가총액 ...
688,16, 2021.07.05 09:50,"카카오게임즈, 신작 ‘오딘’ 흥행에 이틀째 급등"
689,17, 2021.07.05 09:30,"카카오게임즈, 신작 ‘오딘’ 흥행에 9% 급등"
690,0, 2021.07.07 19:09,이래야 게임산업이지…리니지 끌어내린 카카오게임즈 ‘오딘’
691,1, 2021.07.07 10:11,카카오게임즈 ‘오딘’ 질주…장기 흥행 ‘가도’
692,2, 2021.07.06 11:36,"[주식 초고수는 지금]'오딘 장기흥행 기대' 카카오게임즈 사고, '임상..."
693,3, 2021.07.05 17:41,"카카오게임즈 또 6% 올랐다…외국인 기관 쌍끌이 코스닥, 3일째 최고치"
694,4, 2021.07.05 14:25,"카카오게임즈, 코스닥 시총 2위 다툰다…신작 게임 ‘오딘’ 흥행에 급등"
695,5, 2021.07.05 10:19,'오딘' 카카오게임즈 또 급등 12% '쑥'…셀트리온제약과 시가총액 ...
696,6, 2021.07.05 09:50,"카카오게임즈, 신작 ‘오딘’ 흥행에 이틀째 급등"
697,7, 2021.07.05 09:30,"카카오게임즈, 신작 ‘오딘’ 흥행에 9% 급등"
698,8, 2021.07.05 11:08,"[특징주]카카오게임즈, '오딘' 흥행에 강세…코스닥 시총 2위 눈앞"
699,9, 2021.07.05 09:48,"[특징주] 카카오게임즈, 신작 ‘오딘’ 매출 1위 소식에 급등세"
700,10, 2021.07.05 09:40,"[특징주]카카오게임즈, '오딘' 흥행에 강세…코스닥 시총 2위로"
701,11, 2021.07.05 09:40,"[특징주]카카오게임즈, 신작 '오딘' 앱마켓 매출 1위 소식이 급등"
702,12, 2021.07.05 09:34,"카카오게임즈, ‘오딘’의 애플·구글 동반 1위 소식에 12%대 급등"
703,13, 2021.07.05 09:15,카카오게임즈 '오딘' 매출 1위 소식에 장초반 강세
704,14, 2021.07.02 16:38,"카카오게임즈, 신작 '오딘' 매출 1위 소식에 급등"
705,15, 2021.07.02 13:35,"카카오게임즈, 신작 '오딘' 흥행에 두자릿수 강세"
706,16, 2021.07.02 15:50,"'오딘' 리니지 형제 추월…카카오게임즈, 주가 24.5% '축포'"
707,17, 2021.07.02 14:36,"'오딘' 카카오게임즈 폭등…""하반기엔 나도 있다"" 기대감 커지는 게임..."
708,18, 2021.07.02 13:30,카카오게임즈 신작 '오딘' 구글 매출1위 달성
709,19, 2021.07.02 13:21,"카카오게임즈 ‘오딘’, 구글 매출 1위 ‘달성’…최고 흥행작 반열 등..."
710,20, 2021.07.02 15:13,"[특징주] 카카오게임즈, 20% 이상 급등...올 들어 7만원 첫 돌파"
711,0, 2021.07.05 09:40,"[특징주]카카오게임즈, 신작 '오딘' 앱마켓 매출 1위 소식이 급등"
712,1, 2021.07.05 09:34,"카카오게임즈, ‘오딘’의 애플·구글 동반 1위 소식에 12%대 급등"
713,2, 2021.07.05 09:15,카카오게임즈 '오딘' 매출 1위 소식에 장초반 강세
714,3, 2021.07.05 09:30,"카카오게임즈, 신작 ‘오딘’ 흥행에 9% 급등"
715,4, 2021.07.02 16:38,"카카오게임즈, 신작 '오딘' 매출 1위 소식에 급등"
716,5, 2021.07.02 13:35,"카카오게임즈, 신작 '오딘' 흥행에 두자릿수 강세"
717,6, 2021.07.02 15:50,"'오딘' 리니지 형제 추월…카카오게임즈, 주가 24.5% '축포'"
718,7, 2021.07.02 14:36,"'오딘' 카카오게임즈 폭등…""하반기엔 나도 있다"" 기대감 커지는 게임..."
719,8, 2021.07.02 13:30,카카오게임즈 신작 '오딘' 구글 매출1위 달성
720,9, 2021.07.02 13:21,"카카오게임즈 ‘오딘’, 구글 매출 1위 ‘달성’…최고 흥행작 반열 등..."
721,10, 2021.07.02 15:13,"[특징주] 카카오게임즈, 20% 이상 급등...올 들어 7만원 첫 돌파"
722,11, 2021.07.02 15:04,"[특징주]카카오게임즈, 신작 질주에 거래규모 1兆 폭발"
723,12, 2021.07.02 13:57,"[특징주] 카카오게임즈, 신작 '오딘' 구글 매출 1위 달성...15%..."
724,13, 2021.07.02 13:52,"카카오게임즈 '오딘', 구글·애플 앱마켓 매출 1위"
725,14, 2021.07.02 10:51,"[특징주]카카오게임즈, 신작 흥행 돌풍에 '강세'"
726,15, 2021.07.02 10:19,"[특징주]카카오게임즈, 신작 '오딘:발할라 라이징' 매출 1위에 강세"
727,16, 2021.07.02 09:46,"[특징주]카카오게임즈, 오딘 매출 상향조정…증권가 분석에↑"
728,17, 2021.07.01 19:18,"단숨에 톱5…카카오게임즈, ‘오딘’ 세대교체 기대감"
729,0, 2021.07.02 13:52,"카카오게임즈 '오딘', 구글·애플 앱마켓 매출 1위"
730,1, 2021.07.02 13:35,"카카오게임즈, 신작 '오딘' 흥행에 두자릿수 강세"
731,2, 2021.07.02 13:30,카카오게임즈 신작 '오딘' 구글 매출1위 달성
732,3, 2021.07.02 13:21,"카카오게임즈 ‘오딘’, 구글 매출 1위 ‘달성’…최고 흥행작 반열 등..."
733,4, 2021.07.02 10:51,"[특징주]카카오게임즈, 신작 흥행 돌풍에 '강세'"
734,5, 2021.07.02 10:19,"[특징주]카카오게임즈, 신작 '오딘:발할라 라이징' 매출 1위에 강세"
735,6, 2021.07.02 09:46,"[특징주]카카오게임즈, 오딘 매출 상향조정…증권가 분석에↑"
736,7, 2021.07.01 19:18,"단숨에 톱5…카카오게임즈, ‘오딘’ 세대교체 기대감"
737,8, 2021.06.30 17:48,'오딘' 흥행...카카오게임즈 반등 조짐?
738,9, 2021.06.30 16:11,"카카오게임즈 ‘오딘’, 구글 매출 톱5…초반 흥행 성공"
739,10, 2021.06.30 14:20,등판하자마자 1위 오른 '오딘'…카카오게임즈 미소
740,11, 2021.06.29 17:03,"카카오게임즈, 야심작 ‘오딘’ 출시…애플 매출 1위 직행"
741,12, 2021.06.29 15:42,"""사전예약 400만명""…카카오게임즈, '오딘' 출시에 8%↑"
742,13, 2021.06.29 14:56,"카카오게임즈 ‘오딘’, 흥행 ‘청신호’…출시 첫날 애플 매출 1위"
743,14, 2021.06.29 14:44,"[특징주] 카카오게임즈, 신작 '오딘' 흥행에...8% 강세"
744,15, 2021.06.29 14:27,카카오게임즈 야심작 '오딘' 정식 출시
745,16, 2021.06.29 08:49,카카오게임즈 역대 최다 사전예약…‘오딘’ 양대 앱마켓 1위 등극
746,17, 2021.06.29 08:48,"카카오게임즈 '오딘', 출시 전부터 구글·애플 인기 1위"
747,18, 2021.06.28 17:22,"카카오게임즈 ‘오딘’ 출시 D-1, 앱스토어 인기 1위"
748,19, 2021.06.28 15:17,"카카오게임즈, 야심작 ‘오딘’ 사전 다운로드"
749,0, 2021.06.30 14:20,등판하자마자 1위 오른 '오딘'…카카오게임즈 미소
750,1, 2021.06.29 17:03,"카카오게임즈, 야심작 ‘오딘’ 출시…애플 매출 1위 직행"
751,2, 2021.06.29 15:42,"""사전예약 400만명""…카카오게임즈, '오딘' 출시에 8%↑"
752,3, 2021.06.29 14:56,"카카오게임즈 ‘오딘’, 흥행 ‘청신호’…출시 첫날 애플 매출 1위"
753,4, 2021.06.29 14:44,"[특징주] 카카오게임즈, 신작 '오딘' 흥행에...8% 강세"
754,5, 2021.06.29 14:27,카카오게임즈 야심작 '오딘' 정식 출시
755,6, 2021.06.29 08:49,카카오게임즈 역대 최다 사전예약…‘오딘’ 양대 앱마켓 1위 등극
756,7, 2021.06.29 08:48,"카카오게임즈 '오딘', 출시 전부터 구글·애플 인기 1위"
757,8, 2021.06.28 17:22,"카카오게임즈 ‘오딘’ 출시 D-1, 앱스토어 인기 1위"
758,9, 2021.06.28 15:17,"카카오게임즈, 야심작 ‘오딘’ 사전 다운로드"
759,10, 2021.06.25 15:20,"대작 게임 '오딘' 출격...카카오게임즈, 주가 반등 탄력받나"
760,11, 2021.06.24 10:16,"카카오게임즈 신작 ‘오딘’, 사전예약 400만 ‘돌파’"
761,12, 2021.06.24 10:02,"카카오게임즈 기대작 '오딘', 사전예약에 400만명 몰렸다"
762,13, 2021.06.23 20:15,"넷마블·엔씨·카카오게임즈, '초대작'으로 여름 달군다"
763,14, 2021.06.23 09:03,"""카카오게임즈, 하반기 대형신작 출시로 실적 개선 기대""-한국투자"
764,15, 2021.06.23 08:41,"한국투자증권 “카카오게임즈, 하반기 대형 신작 출시로 실적 개선 전망..."
765,16, 2021.06.23 08:27,"카카오게임즈, 자체 개발역량 강화 필요-한국투자"
766,17, 2021.06.22 17:45,"카카오게임즈 23% 뛸때, 엔씨 13% 빠졌다"
767,0, 2021.06.25 15:20,"대작 게임 '오딘' 출격...카카오게임즈, 주가 반등 탄력받나"
768,1, 2021.06.24 10:16,"카카오게임즈 신작 ‘오딘’, 사전예약 400만 ‘돌파’"
769,2, 2021.06.24 10:02,"카카오게임즈 기대작 '오딘', 사전예약에 400만명 몰렸다"
770,3, 2021.06.23 20:15,"넷마블·엔씨·카카오게임즈, '초대작'으로 여름 달군다"
771,4, 2021.06.23 09:03,"""카카오게임즈, 하반기 대형신작 출시로 실적 개선 기대""-한국투자"
772,5, 2021.06.23 08:41,"한국투자증권 “카카오게임즈, 하반기 대형 신작 출시로 실적 개선 전망..."
773,6, 2021.06.23 08:27,"카카오게임즈, 자체 개발역량 강화 필요-한국투자"
774,7, 2021.06.22 17:45,"카카오게임즈 23% 뛸때, 엔씨 13% 빠졌다"
775,8, 2021.06.22 15:20,"카카오게임즈, 신작 출시 앞두고 실적 개선 '기대'…퍼블리싱 넘어선 개..."
776,9, 2021.06.21 12:11,"카카오게임즈, 모바일은 ‘오딘’ PC는 ‘이터널 리턴’ 신작 ‘공습’"
777,10, 2021.06.21 10:04,"[시그널] 카카오게임즈, 맞춤형 광고 서비스 기업 애드엑스 인수 추진"
778,11, 2021.06.21 08:21,"[마켓인사이트]카카오게임즈, 광고기술 스타트업 인수"
779,12, 2021.06.18 13:58,"""추격 매수는 무섭고, 보고만 있으면 초조""…카카오 또 5% 폭등…동생..."
780,0, 2021.11.30 10:07,"카카오게임즈 남궁훈, 카카오 ‘10년 미래’ 준비 책임진다"
781,1, 2021.11.29 09:53,"SK스퀘어가 80억원 투자한 온마인드, 카카오게임즈 산하 넵튠 자회사"
782,2, 2021.11.28 10:48,"카카오게임즈·한글과컴퓨터·하이브 등 ""임원들 주식 팔아 이익 실현"""
783,3, 2021.11.28 10:23,코스닥 주간 외국인 순매수 1위 '카카오게임즈'
784,4, 2021.11.28 10:23,코스닥 주간 개인 순매도 1위 '카카오게임즈'
785,5, 2021.11.25 06:04,"[기업공시 11월 24일]카카오, 카카오게임즈 유통·개발 자회사 애드페..."
786,6, 2021.11.24 17:01,"카카오게임즈, 자회사 애드페이지 흡수합병 결정"
787,7, 2021.11.24 16:21,"카카오게임즈, 애드페이지 흡수합병"
788,8, 2021.11.24 16:19,"카카오게임즈, 애드페이지 흡수합병 결정"
789,9, 2021.11.24 16:18,"카카오게임즈, 자회사 애드페이지 흡수합병 결정"
790,10, 2021.11.24 14:54,"카카오게임즈, '오딘' 서버 간 경쟁 콘텐츠 업데이트"
791,11, 2021.11.24 08:03,[게임업계 3분기 실적] ③ 엔씨소프트 해외판매 비중 급증...카카오게...
792,12, 2021.11.23 09:39,"'코스닥 5위' 카카오게임 제친 위메이드, 장 초반 2%대 약세"
793,13, 2021.11.23 08:49,"카카오게임즈, 신작 출시 등 내년에도 안정적인 성장 예상-한국證"
794,14, 2021.11.23 08:08,"블록체인 더해 밸류에이션↑…""카카오게임즈 행보 주목""-한국투자"
795,15, 2021.11.23 07:55,"카카오게임즈, '오딘' 이을 신작과 NFT 등 신사업에 '주목'-한국"
796,16, 2021.11.23 07:42,"[클릭 e종목]""카카오게임즈, 다양한 신작 출시로 외형성장 기대"""
797,17, 2021.11.23 06:01,"카카오게임즈, 신사업 행보에 주목-한투"
798,0, 2021.06.21 10:04,"[시그널] 카카오게임즈, 맞춤형 광고 서비스 기업 애드엑스 인수 추진"
799,1, 2021.06.21 08:21,"[마켓인사이트]카카오게임즈, 광고기술 스타트업 인수"
800,2, 2021.06.18 13:58,"""추격 매수는 무섭고, 보고만 있으면 초조""…카카오 또 5% 폭등…동생..."
801,3, 2021.06.18 10:25,"카카오게임즈, '이터널 리턴' 7월 22일 다음 게임에 출시"
802,4, 2021.06.14 16:36,급변하는 게임업계 M&A...카카오게임즈-크래프톤이 투톱
803,5, 2021.06.07 16:31,플레이위드·카카오게임즈 “인수설은 사실무근”
804,6, 2021.06.07 14:47,"[특징주]플레이위드, 카카오게임즈의 경영권 인수 추진설에 급등"
805,7, 2021.06.03 12:04,"“시작부터 남다르다”…카카오게임즈 ‘오딘’, 캐릭터 생성 서버 증설"
806,8, 2021.06.02 17:51,카카오게임즈 신작 MMORPG '오딘' 29일 출시
807,9, 2021.06.02 15:06,"카카오게임즈, 신작 MMORPG ‘오딘’ 29일 출시한다"
808,10, 2021.06.02 14:35,베일 벗는 카카오게임즈 야심작 '오딘'…新성장동력 될까
809,11, 2021.06.02 14:32,"카카오게임즈, 올해 최고 기대작 '오딘' 6월 29일 출시"
810,12, 2021.06.02 12:02,"카카오게임즈 최고 야심작 ‘오딘’, 공개행사도 블록버스터"
811,13, 2021.06.02 11:56,카카오게임즈 야심작 ‘오딘’ 29일 출격…MMORPG 정점 ‘자신감’
812,14, 2021.06.02 14:57,카카오게임즈 야심작 '오딘' 출격…화려한 그래픽 '차별화'
813,15, 2021.06.02 11:34,카카오게임즈 야심작 '오딘: 발할라 라이징' 29일 정식 출시
814,16, 2021.06.01 15:14,"카카오게임즈, 코로나 백신 유급휴가 최대 4일 지원"
815,17, 2021.06.01 14:13,카카오게임즈도 '백신휴가' 시행... 최대 4일 유급휴가 제공
816,18, 2021.05.28 07:01,"[1일IT템] 카카오게임즈, 6월2일 가상공간에서 ‘오딘’ 공개"
817,0, 2021.06.02 14:57,카카오게임즈 야심작 '오딘' 출격…화려한 그래픽 '차별화'
818,1, 2021.06.02 11:34,카카오게임즈 야심작 '오딘: 발할라 라이징' 29일 정식 출시
819,2, 2021.06.02 14:35,베일 벗는 카카오게임즈 야심작 '오딘'…新성장동력 될까
820,3, 2021.06.02 14:32,"카카오게임즈, 올해 최고 기대작 '오딘' 6월 29일 출시"
821,4, 2021.06.02 12:02,"카카오게임즈 최고 야심작 ‘오딘’, 공개행사도 블록버스터"
822,5, 2021.06.02 11:56,카카오게임즈 야심작 ‘오딘’ 29일 출격…MMORPG 정점 ‘자신감’
823,6, 2021.06.01 15:14,"카카오게임즈, 코로나 백신 유급휴가 최대 4일 지원"
824,7, 2021.06.01 14:13,카카오게임즈도 '백신휴가' 시행... 최대 4일 유급휴가 제공
825,8, 2021.05.28 07:01,"[1일IT템] 카카오게임즈, 6월2일 가상공간에서 ‘오딘’ 공개"
826,9, 2021.05.27 17:40,"카카오게임즈, 핵심 계열사 합병…NFT 메타버스 접목 모색"
827,10, 2021.05.27 17:18,카카오게임즈 계열 프렌즈게임즈-웨이투빗 합병…NFT 플랫폼 만든다
828,11, 2021.05.27 17:19,카카오게임즈 “프렌즈게임즈-웨이투빗 합병 완료”
829,12, 2021.05.27 16:46,"카카오게임즈, 계열사 프렌즈게임즈·웨이투빗 ‘합병’…NFT·메타버스 ..."
830,13, 2021.05.27 16:23,"카카오게임즈, 프렌즈게임즈·웨이투빗 합병 결정... 블록체인 신사업 ..."
831,14, 2021.05.26 16:52,"[증시 이슈] 카카오게임즈, 기대작 ‘오딘’ 상반기 출시 임박에 오름세"
832,15, 2021.05.26 16:51,"카카오게임즈, ‘오딘’ 내달 2일 쇼케이스…증강현실 적용"
833,16, 2021.05.26 11:44,"카카오게임즈, 사전예약 300만 기대작 ‘오딘’ 6월 2일 쇼케이스 ..."
834,17, 2021.05.25 17:19,"카카오게임즈, ‘달빛조각사’ 미국·일본 등 글로벌 출시"
835,18, 2021.05.25 16:30,"카카오게임즈, ‘달빛조각사’ 미국-일본 동시출시"
836,19, 2021.05.25 15:27,"카카오게임즈, 모바일 MMORPG ‘달빛조각사’ 글로벌 시장 출시"
837,20, 2021.05.10 15:14,"카카오게임즈, 채용 연계형 인턴사원 모집"
838,21, 2021.05.10 14:34,"카카오게임즈, 채용연계형 인턴 뽑는다"
839,0, 2021.05.27 17:19,카카오게임즈 “프렌즈게임즈-웨이투빗 합병 완료”
840,1, 2021.05.27 16:46,"카카오게임즈, 계열사 프렌즈게임즈·웨이투빗 ‘합병’…NFT·메타버스 ..."
841,2, 2021.05.27 16:23,"카카오게임즈, 프렌즈게임즈·웨이투빗 합병 결정... 블록체인 신사업 ..."
842,3, 2021.05.27 17:18,카카오게임즈 계열 프렌즈게임즈-웨이투빗 합병…NFT 플랫폼 만든다
843,4, 2021.05.26 16:52,"[증시 이슈] 카카오게임즈, 기대작 ‘오딘’ 상반기 출시 임박에 오름세"
844,5, 2021.05.26 16:51,"카카오게임즈, ‘오딘’ 내달 2일 쇼케이스…증강현실 적용"
845,6, 2021.05.26 11:44,"카카오게임즈, 사전예약 300만 기대작 ‘오딘’ 6월 2일 쇼케이스 ..."
846,7, 2021.05.25 17:19,"카카오게임즈, ‘달빛조각사’ 미국·일본 등 글로벌 출시"
847,8, 2021.05.25 16:30,"카카오게임즈, ‘달빛조각사’ 미국-일본 동시출시"
848,9, 2021.05.25 15:27,"카카오게임즈, 모바일 MMORPG ‘달빛조각사’ 글로벌 시장 출시"
849,10, 2021.05.10 15:14,"카카오게임즈, 채용 연계형 인턴사원 모집"
850,11, 2021.05.10 14:34,"카카오게임즈, 채용연계형 인턴 뽑는다"
851,12, 2021.05.09 09:44,코스닥 주간 기관 순매도 1위 '카카오게임즈'
852,13, 2021.05.06 17:02,"카카오게임즈의 ‘오딘’, 사전예약 200만…카카오 공동체 협업도 전개"
853,14, 2021.05.06 16:51,"카카오게임즈 기대작 '오딘', 사전 예약자 200만 돌파"
854,15, 2021.05.06 08:54,"메리츠증권 “카카오게임즈, 오딘 등 신작 성과 주목해야”"
855,16, 2021.05.06 07:37,"[클릭 e종목] ""1Q 기대 부합한 카카오게임즈…2Q 성패는 '오딘'..."
856,17, 2021.05.06 08:29,"카카오게임즈, 올해는 고평가·내년엔 저평가…목표주가↓-이베스트"
857,0, 2021.05.10 15:14,"카카오게임즈, 채용 연계형 인턴사원 모집"
858,1, 2021.05.10 14:34,"카카오게임즈, 채용연계형 인턴 뽑는다"
859,2, 2021.05.09 09:44,코스닥 주간 기관 순매도 1위 '카카오게임즈'
860,3, 2021.05.06 17:02,"카카오게임즈의 ‘오딘’, 사전예약 200만…카카오 공동체 협업도 전개"
861,4, 2021.05.06 16:51,"카카오게임즈 기대작 '오딘', 사전 예약자 200만 돌파"
862,5, 2021.05.06 08:54,"메리츠증권 “카카오게임즈, 오딘 등 신작 성과 주목해야”"
863,6, 2021.05.06 07:37,"[클릭 e종목] ""1Q 기대 부합한 카카오게임즈…2Q 성패는 '오딘'..."
864,7, 2021.05.06 08:29,"카카오게임즈, 올해는 고평가·내년엔 저평가…목표주가↓-이베스트"
865,8, 2021.05.04 17:29,카카오게임즈 매출 35% 늘어 1301억원
866,9, 2021.05.04 10:47,"[종합] 카카오게임즈, 재도약 준비 끝났다…신작 라인업 가동 ‘본격화..."
867,10, 2021.05.04 10:38,"카카오게임즈, '검은사막' 없이도 산뜻한 발걸음"
868,11, 2021.05.04 10:09,"예상치 밑돈 카카오게임즈 ""2Q 시장 공략 가속화"""
869,12, 2021.05.04 08:48,"카카오게임즈, 1분기 매출 1301억원…전년비 35%↑"
870,13, 2021.05.04 10:35,"카카오게임즈, ‘오딘’ 믿는다…2·3분기 공격적 투자(종합)"
871,14, 2021.05.04 10:24,"카카오게임즈, 1분기 영업이익 156억원...전년비 22.9%↑"
872,15, 2021.05.04 10:01,"힘 빠진 카카오게임즈, 영업익 156억원…예상치 밑돌아 [종합]"
873,16, 2021.05.04 09:26,"[컨콜] 카카오게임즈, “오딘, 사전예약 180만 이상…출시 2분기 말..."
874,0, 2021.05.04 10:38,"카카오게임즈, '검은사막' 없이도 산뜻한 발걸음"
875,1, 2021.05.04 10:09,"예상치 밑돈 카카오게임즈 ""2Q 시장 공략 가속화"""
876,2, 2021.05.04 08:48,"카카오게임즈, 1분기 매출 1301억원…전년비 35%↑"
877,3, 2021.05.04 10:35,"카카오게임즈, ‘오딘’ 믿는다…2·3분기 공격적 투자(종합)"
878,4, 2021.05.04 10:24,"카카오게임즈, 1분기 영업이익 156억원...전년비 22.9%↑"
879,5, 2021.05.04 10:01,"힘 빠진 카카오게임즈, 영업익 156억원…예상치 밑돌아 [종합]"
880,6, 2021.05.04 09:26,"[컨콜] 카카오게임즈, “오딘, 사전예약 180만 이상…출시 2분기 말..."
881,7, 2021.05.04 09:22,"카카오게임즈, 1Q 영업익 156억..전년比 23%↑"
882,8, 2021.05.04 09:09,"카카오게임즈, 1분기 영업익 156억…전년比 23%↑"
883,9, 2021.05.04 09:06,"[공시] 카카오게임즈, 1분기 영업익 23% 늘어난 156억원"
884,10, 2021.05.04 09:03,"카카오게임즈, 1Q 영업익 156억…전년比 22.9%↑"
885,11, 2021.05.04 09:15,"카카오게임즈, 1분기 영업익 156억…전년비 22.9% ↑"
886,12, 2021.05.04 08:45,카카오게임즈 1분기 영업익 156억…전년 동기 대비 22.9%↑
887,13, 2021.05.04 08:40,"카카오게임즈, 1Q 영업익 156억원…전년比 22.9%↑"
888,14, 2021.04.30 15:43,"카카오게임즈 '오딘', 하루만에 사전 예약자 100만명"
889,15, 2021.04.30 11:11,"카카오게임즈 ‘오딘’, 하루만에 사전예약 100만 ‘경쟁력 입증’"
890,16, 2021.04.30 10:50,"카카오게임즈, 기대작 '오딘' 사전예약 하루 만에 100만명 돌파"
891,17, 2021.04.28 13:38,"카카오게임즈, ‘오딘:발할라 라이징’ 사전예약"
892,18, 2021.04.28 12:24,카카오게임즈 실적 반등 이끌 기대주 ‘오딘’ 사전예약 돌입
893,19, 2021.04.19 10:51,"펄어비스 제친 카카오게임즈, 시총 3위 다시 되찾을까 [이슈+]"
894,0, 2021.05.04 09:03,"카카오게임즈, 1Q 영업익 156억…전년比 22.9%↑"
895,1, 2021.05.04 08:48,"카카오게임즈, 1분기 매출 1301억원…전년비 35%↑"
896,2, 2021.05.04 08:45,카카오게임즈 1분기 영업익 156억…전년 동기 대비 22.9%↑
897,3, 2021.05.04 08:40,"카카오게임즈, 1Q 영업익 156억원…전년比 22.9%↑"
898,4, 2021.04.30 15:43,"카카오게임즈 '오딘', 하루만에 사전 예약자 100만명"
899,5, 2021.04.30 11:11,"카카오게임즈 ‘오딘’, 하루만에 사전예약 100만 ‘경쟁력 입증’"
900,6, 2021.04.30 10:50,"카카오게임즈, 기대작 '오딘' 사전예약 하루 만에 100만명 돌파"
901,7, 2021.04.28 13:38,"카카오게임즈, ‘오딘:발할라 라이징’ 사전예약"
902,8, 2021.04.28 12:24,카카오게임즈 실적 반등 이끌 기대주 ‘오딘’ 사전예약 돌입
903,9, 2021.04.19 10:51,"펄어비스 제친 카카오게임즈, 시총 3위 다시 되찾을까 [이슈+]"
904,10, 2021.04.19 09:36,"카카오게임즈, 사회공헌 '찾아가는 프렌즈게임 랜드' 캠페인 재개"
905,11, 2021.04.14 16:31,"카카오게임즈, 야심작 ‘오딘’ 28일 시동 건다"
906,12, 2021.04.14 10:51,"카카오게임즈, 북미·유럽 시장 도전장…‘엘리온’ 내달6일 비공개테스트"
907,0, 2021.04.19 09:36,"카카오게임즈, 사회공헌 '찾아가는 프렌즈게임 랜드' 캠페인 재개"
908,1, 2021.04.14 16:31,"카카오게임즈, 야심작 ‘오딘’ 28일 시동 건다"
909,2, 2021.04.14 10:51,"카카오게임즈, 북미·유럽 시장 도전장…‘엘리온’ 내달6일 비공개테스트"
910,3, 2021.04.14 08:08,"카카오게임즈, 일본 작품 빅히트로 韓 판권 주목-이베스트"
911,4, 2021.04.11 11:15,코스닥 주간 외국인 순매수 1위 ‘카카오게임즈’
912,5, 2021.04.01 13:52,"[fn마켓워치] 카카오 게임즈 CB, 이자율 0%의 자신감"
913,6, 2021.03.30 14:58,"카카오게임즈, 일본 1위 게임 '우마무스메 프리티 더비' 국내 서비스"
914,7, 2021.03.30 09:56,"카카오게임즈, 日 최고 인기 게임 ‘우마무스메’ 퍼블리싱 계약"
915,8, 2021.03.30 14:04,"카카오게임즈, 日 1위 미소녀 게임 국내 퍼블리싱 맡는다"
916,9, 2021.03.30 09:13,"카카오게임즈, '우마무스메 프리티 더비' 국내 퍼블리싱"
917,10, 2021.03.29 11:18,"카카오게임즈, 격주 4일 근무제 도입…‘놀금’ 확대 운영"
918,11, 2021.03.29 09:32,"[마켓인사이트]카카오게임즈, 5000억원 전환사채 발행의 의미"
919,0, 2021.03.29 11:18,"카카오게임즈, 격주 4일 근무제 도입…‘놀금’ 확대 운영"
920,1, 2021.03.29 09:32,"[마켓인사이트]카카오게임즈, 5000억원 전환사채 발행의 의미"
921,2, 2021.03.26 14:13,"카카오게임즈, 5억 규모 사모 CB 발해 결정"
922,3, 2021.03.26 13:50,"카카오게임즈, 5000억원 규모 전환사채 발행 결정"
923,4, 2021.03.26 09:10,"[특징주] 엘비세미콘, 투자사 오션드라이브 카카오게임즈 M&A 검토 소..."
924,5, 2021.03.25 17:22,[단독] 5000억 공격 투자 예고 카카오게임즈…개발사 M&A 검토
925,6, 2021.03.23 20:38,"'따상상' 찍고 '털썩'…카카오게임즈, 다시 달린다"
926,7, 2021.03.23 16:58,"카카오게임즈, ‘영원회귀:블랙서바이벌’ 한국 공동사업 계약"
927,8, 2021.03.23 16:31,"카카오게임즈, ‘영원회귀’ 한국 공동 사업 계약 체결"
928,9, 2021.03.18 18:39,SK바사 ‘따상’ 이후 하락?…SK바이오팜·카카오게임즈 주가 흐름 살펴...
929,10, 2021.03.12 09:22,"카카오게임즈, ‘가디언 테일즈’ 네크로맨서 녹시아 업데이트"
930,0, 2021.03.12 09:22,"카카오게임즈, ‘가디언 테일즈’ 네크로맨서 녹시아 업데이트"
931,1, 2021.03.12 08:33,"카카오게임즈, 신작 라인업 통한 실적성장 기대-대신"
932,2, 2021.03.12 08:23,"카카오게임즈, 화려한 신작 라인업에 실적 성장할 것-DS"
933,3, 2021.03.10 17:07,63조 몰린 SK바이오사이언스 청약...카카오게임즈 넘었다
934,4, 2021.03.09 18:17,"SK바이오사이언스, 첫날 14조 '뭉칫돈' 몰려…카카오게임즈 이어 역대..."
935,5, 2021.03.09 17:07,[시그널] SK바이오사이언스 청약 첫 날 14.1조 몰렸다···지난해...
936,6, 2021.03.03 11:45,"카카오게임즈, 신작 ‘디스테라’ 알파 테스터 모집"
937,7, 2021.03.02 18:38,"카카오게임즈 신작 ‘앨리스 클로젯’, 사전예약 150만 돌파 ‘눈길’"
938,8, 2021.03.02 17:21,"카카오게임즈 신작 PC생존게임, 디스테라로 정식명칭 확정"
939,9, 2021.03.02 16:56,"카카오게임즈, 신작 PC게임 ‘디스테라’ 이달 글로벌 알파 테스트"
940,10, 2021.03.02 12:39,"카카오게임즈, 신작 PC 게임명 '디스테라' 확정"
941,11, 2021.03.01 09:47,코스닥 주간 개인 순매도 1위 '카카오게임즈'
942,12, 2021.03.01 09:46,코스닥 주간 기관 순매수 1위 '카카오게임즈'
943,13, 2021.02.26 14:26,"예탁원, 3월 카카오게임즈 등 48개사 2억주 의무보유 해제"
944,0, 2021.03.02 12:39,"카카오게임즈, 신작 PC 게임명 '디스테라' 확정"
945,1, 2021.03.01 09:47,코스닥 주간 개인 순매도 1위 '카카오게임즈'
946,2, 2021.03.01 09:46,코스닥 주간 기관 순매수 1위 '카카오게임즈'
947,3, 2021.02.26 14:26,"예탁원, 3월 카카오게임즈 등 48개사 2억주 의무보유 해제"
948,4, 2021.02.24 17:07,"카카오게임즈, 5000억 규모 CB 발행"
949,5, 2021.02.22 11:34,펄어비스 vs 카카오게임즈…‘코스닥 게임왕좌’ 경쟁 [株포트라이트]
950,6, 2021.02.20 08:19,펄어비스VS카카오게임즈…불붙는 코스닥 게임왕좌 경쟁[株포트라이트]
951,7, 2021.02.19 10:22,"BBIG K-뉴딜지수, 정기변경…카카오게임즈 신규 편입"
952,8, 2021.02.19 09:31,"[특징주] 카카오게임즈, K-뉴딜 지수 편입에 강세…‘제외’ 펄어비스..."
953,9, 2021.02.19 09:23,[특징주]'K-뉴딜지수' 신규 편입 기대감…카카오게임즈 3%대 ↑
954,10, 2021.02.19 09:14,[특징주]'K-뉴딜지수 편입' 카카오게임즈···3%대 강세
955,11, 2021.02.18 20:54,"거래소, 지수 정기변경…K-뉴딜지수에 카카오게임즈 편입"
956,12, 2021.02.18 18:07,KRX K-뉴딜지수 등 구성종목 첫 정기변경..카카오게임즈 편입
957,13, 2021.02.18 17:26,KRX K-뉴딜지수 등 구성종목 첫 정기변경..카카오게임즈 등 편입
958,14, 2021.02.12 13:54,2021년 기대감 다시 높아지는 카카오게임즈
959,0, 2021.11.22 16:11,[마감시황] 카카오게임즈·크래프톤·펄어비스 일제히 하락
960,1, 2021.11.22 15:12,"“NFT 바람, 한때였나” 게임株 일제히 약세…엔씨·카카오게임즈·게임빌..."
961,2, 2021.11.22 09:41,"[특징주]위메이드 시총, 카카오게임즈 또 추월"
962,3, 2021.11.22 08:05,"[게임업계 3분기 실적] ① 크래프톤, 엔씨 제치고 매출 2위로...카..."
963,4, 2021.11.21 17:25,카카오게임즈·크래프톤 ‘약진’… NFT 등 정책제언도 봇물 [지스타20...
964,5, 2021.11.21 13:48,‘오딘’ 대박 카카오게임즈…내년에도 신작 3종으로 흥행몰이 나선다
965,6, 2021.11.21 10:22,코스닥 주간 기관 순매수 1위 '카카오게임즈'
966,7, 2021.11.21 10:22,코스닥 주간 개인 순매도 1위 '카카오게임즈'
967,8, 2021.11.21 10:21,코스닥 주간 외국인 순매수 1위 '카카오게임즈'
968,9, 2021.11.19 12:20,"카카오게임즈, ‘현재’와 ‘미래’로 지스타 관람객 사로잡다"
969,10, 2021.11.18 17:13,[마감시황] 카카오뱅크·카카오페이·카카오게임즈 상승마감
970,11, 2021.11.18 17:05,"메리츠證, 카카오게임즈 목표주가 대폭 상향...""오딘 개발사 지분취득에..."
971,0, 2021.02.19 09:14,[특징주]'K-뉴딜지수 편입' 카카오게임즈···3%대 강세
972,1, 2021.02.18 20:54,"거래소, 지수 정기변경…K-뉴딜지수에 카카오게임즈 편입"
973,2, 2021.02.18 18:07,KRX K-뉴딜지수 등 구성종목 첫 정기변경..카카오게임즈 편입
974,3, 2021.02.18 17:26,KRX K-뉴딜지수 등 구성종목 첫 정기변경..카카오게임즈 등 편입
975,4, 2021.02.12 13:54,2021년 기대감 다시 높아지는 카카오게임즈
976,5, 2021.02.09 08:53,"카카오게임즈, 이익 성장성 등 고려할 때 저평가-이베스트"
977,6, 2021.02.09 08:17,"[클릭 e종목] 아직 저평가된 카카오게임즈…엘리온, 오딘 등 신작 기..."
978,7, 2021.02.08 14:56,"'역대 최대 실적' 카카오게임즈, 하락장 속 나홀로 강세"
979,8, 2021.02.08 09:18,[컨콜] 카카오게임즈 “2020년 창사이래 최대 매출…적극 투자”
980,9, 2021.02.08 09:10,"카카오게임즈, 지난해 매출 4955억 ‘역대 최대 실적’"
981,10, 2021.02.08 08:44,"카카오게임즈, 지난해 매출 4955억 원·영업이익 665억 원 '역대..."
982,11, 2021.02.08 10:53,"[종합] 카카오게임즈, 올해도 역대 최대 실적 ‘도전’…신작 10여종 ..."
983,12, 2021.02.08 10:48,"[컨콜] 카카오게임즈, ‘오딘’ 등 올해 본격 글로벌 시험대(종합)"
984,13, 2021.02.08 10:13,"[특징주]카카오게임즈, 지난해 실적 호조에 강세"
985,14, 2021.02.08 09:22,"[특징주]카카오게임즈, 지난해 호실적 달성에 ‘강세’"
986,15, 2021.02.08 09:58,"[특징주] ‘작년 최대실적’ 카카오게임즈, 장중 강세"
987,16, 2021.02.08 09:20,"카카오게임즈, 작년 영업익 666억..전년比 90%↑"
988,17, 2021.02.08 08:58,"카카오게임즈, 작년 영업익 90% 증가…사상 최대 실적"
989,18, 2021.02.08 09:53,"[카카오게임즈 컨콜] “영원회귀, 3분기 정식 출시…글로벌 IP 성장 ..."
990,0, 2021.02.08 10:13,"[특징주]카카오게임즈, 지난해 실적 호조에 강세"
991,1, 2021.02.08 09:22,"[특징주]카카오게임즈, 지난해 호실적 달성에 ‘강세’"
992,2, 2021.02.08 09:58,"[특징주] ‘작년 최대실적’ 카카오게임즈, 장중 강세"
993,3, 2021.02.08 09:20,"카카오게임즈, 작년 영업익 666억..전년比 90%↑"
994,4, 2021.02.08 08:58,"카카오게임즈, 작년 영업익 90% 증가…사상 최대 실적"
995,5, 2021.02.08 09:53,"[카카오게임즈 컨콜] “영원회귀, 3분기 정식 출시…글로벌 IP 성장 ..."
996,6, 2021.02.08 09:50,"[카카오게임즈 컨콜] “엘리온, 초기 지표 ‘양호’…해외서 ‘검은사막’..."
997,7, 2021.02.08 09:18,[컨콜] 카카오게임즈 “2020년 창사이래 최대 매출…적극 투자”
998,8, 2021.02.08 09:10,"카카오게임즈, 지난해 매출 4955억 ‘역대 최대 실적’"
999,9, 2021.02.08 08:44,"카카오게임즈, 지난해 매출 4955억 원·영업이익 665억 원 '역대..."
1000,10, 2021.02.08 08:58,"카카오게임즈, 지난해 영업이익 90% 상승"
1001,11, 2021.02.08 08:50,"카카오게임즈, 지난해 영업익 665억원…전년比 90.1%↑"
1002,12, 2021.02.08 08:46,"카카오게임즈, 지난해 영업익 666억…전년비 90.1%↑"
1003,13, 2021.02.08 08:46,"카카오게임즈 ""작년 영업이익 666억...전년 대비 90.1%↑"""
1004,14, 2021.02.08 08:44,"카카오게임즈, 작년 영업이익 666억원…전년비 90.1%↑"
1005,15, 2021.02.08 08:44,"카카오게임즈, 4분기 영업익 166억…전년비 69.1%↑"
1006,16, 2021.02.08 08:39,"[공시]카카오게임즈, 지난해 영업익 660억..전년비 90.13%↑"
1007,0, 2021.11.18 11:46,[지스타 2021] ‘우마무스메 프리티 더비’ 등 이목..카카오게임즈
1008,1, 2021.11.17 18:01,카카오게임즈·크래프톤·텐센트… 세계인의 게임축제로
1009,2, 2021.11.17 16:29,"[지스타 2021]카카오게임즈, '우마무스메 프리티 더비' 오프닝 영상..."
1010,3, 2021.11.17 15:41,"카카오게임즈, '우마무스메 프리티 더비' 오프닝 영상 지스타서 공개"
1011,4, 2021.11.17 16:17,"녹색 추리닝 입은 박형준 시장, 카카오게임즈 부스부터 찾았다 [현장+]"
1012,5, 2021.11.17 11:40,"카카오게임즈, ‘NFT·오딘’ 힘입어 이틀째 신고가"
1013,6, 2021.11.17 11:05,위메이드 이어 카카오게임즈까지...코인판 흔드는 게임사
1014,7, 2021.11.17 09:39,‘위메이드 이어 카카오게임즈까지’…게임과 코인이 만나면 [인더머니]
1015,8, 2021.11.17 10:27,"[특징주]카카오게임즈, 장초반 3%대 강세...이틀째 신고가"
1016,9, 2021.11.17 09:54,"NFT 올라탄 '카카오게임즈', 이틀째 신고가 경신…주가 더 오르나"
1017,10, 2021.11.17 09:43,"[특징주]카카오게임즈, 이틀째 신고가 터치"
1018,11, 2021.11.17 09:32,[특징주] 게임주 또 달린다···카카오게임즈 최고가 경신
1019,12, 2021.11.17 09:18,"카카오게임즈, 5거래일째 달린다…장중 신고가 경신"
1020,13, 2021.11.17 09:09,[특징주]NFT 바람 타고 카카오게임즈도 ‘신고가’
1021,0, 2021.11.16 18:22,"카카오게임즈의 약진이 거세다… ‘오딘’으로 1위 찍고, 글로벌과 신사업..."
1022,1, 2021.11.16 16:55,"[증시이슈] 카카오게임즈, ‘지스타’ 앞두고 주가 11% 급등"
1023,2, 2021.11.16 11:24,[주식초고수는 지금]게임주에 쏠리는 눈...카카오게임즈·펄어비스 매매 ...
1024,3, 2021.11.14 08:49,코스닥 주간 개인 순매도 1위 ‘카카오게임즈'
1025,4, 2021.11.14 08:48,코스닥 주간 외국인 순매수 1위 ‘카카오게임즈’
1026,5, 2021.11.12 16:14,[증시이슈] MSCI 지수 편입된 크래프톤·카카오게임즈 주가 ↑
1027,6, 2021.11.12 10:00,MSCI지수에 크래프톤·엘앤에프·카카오게임즈·F&F 편입
1028,7, 2021.11.12 09:28,MSCI 지수에 크래프톤·카카오게임즈 등 편입…주가는 대부분 내림세
1029,8, 2021.11.12 15:06,"코스닥 5·6위 카카오게임즈·위메이드, 5% 넘게 상승"
1030,9, 2021.11.12 14:21,[CEO UP l 조계현 카카오게임즈 대표] 역대 최고 분기 실적 달성...
1031,10, 2021.11.11 09:26,"카카오게임즈 '오딘', 4개월 연속 1위…리니지M·2M 2·3위"
1032,11, 2021.11.10 10:17,"카카오게임즈, 성남시 지역 아동 위한 사회공헌 캠페인 성료"
1033,12, 2021.11.08 11:53,"카카오게임즈, 카카오프렌즈 IP로 재밌는 코딩 교육환경 조성"
1034,0, 2021.11.07 09:59,코스닥 주간 기관 순매수 1위 ‘카카오게임즈’
1035,1, 2021.11.07 09:58,코스닥 주간 개인 순매도 1위 ‘카카오게임즈’
1036,2, 2021.11.05 11:23,[주식초고수는 지금] 게임 흥행 카카오게임즈에 올라탄 초고수···SK바...
1037,3, 2021.11.05 09:46,"카카오게임즈, 12월 '아키에이지' 북미·유럽에 선보인다"
1038,4, 2021.11.05 05:14,NFT·메타버스 타고 웃은 카카오게임즈…리니지W에 운 엔씨소프트
1039,5, 2021.11.04 17:59,"""오딘 온다""…카카오게임즈, 지스타 출품 게임라인업 7종 공개"
1040,6, 2021.11.04 14:26,"카카오게임즈, 지스타 얼굴로…100부스 출품작 7종 확정"
1041,7, 2021.11.04 17:09,‘오딘’ 즐기며 돈도 번다고? 카카오게임즈 시즌2 주목
1042,8, 2021.11.04 11:45,"'급등' 카카오게임즈, 코스닥 시총 3위로…호재 요인 3가지"
1043,9, 2021.11.04 09:01,"카카오게임즈, 자회사 편입에 NFT·메타버스까지…목표가↑-이베스트"
1044,10, 2021.11.04 10:43,"[이데일리N] 카카오게임즈 ""자회사 통해 NFT 거래소 개발 중“"
1045,11, 2021.11.04 09:45,"[개장시황] 카카오게임즈, 3분기 호실적에 이틀째 상승세"
